:020000040800F2
:10000000605A00209D030008C1750008B173000804
:10001000B97500083107000851A100080000000070
:10002000000000000000000000000000117A00083D
:10003000790B000800000000E1750008A17A0008B3
:10004000BB030008BB030008BB030008BB03000898
:10005000BB030008BB030008BB030008BB03000888
:10006000BB030008BB030008BB030008BB03000878
:1000700039070008BB030008BB030008BB030008E6
:10008000BB030008BB030008BB030008BB03000858
:10009000BB030008BB030008BB030008BB03000848
:1000A000BB030008BB030008BB030008BB03000838
:1000B000BB030008BB030008BB030008BB03000828
:1000C000BB030008BB030008BB030008BB03000818
:1000D000BB030008BB030008BB030008BB03000808
:1000E000BB030008BB03000800000000BB030008BE
:1000F000BB030008BB030008BB030008BB030008E8
:10010000BB030008BB030008BB030008BB030008D7
:10011000BB030008E17D0008597C0008BB03000810
:10012000BB030008BB030008BB030008BB030008B7
:10013000BB030008BB030008BB030008BB030008A7
:1001400000000000000000000000000000000000AF
:10015000BB030008BB030008BB030008BB03000887
:10016000BB030008BB030008BB030008BB03000877
:10017000BB030008C9750008BB03000800000000AD
:10018000BB030008BB030008BB030008BB03000857
:10019000BB030008BB030008BB030008BB03000847
:1001A000BB030008BB030008BB03000800000000FD
:1001B000BB030008BB030008BB030008BB03000827
:1001C000BB030008BB0300080000000000000000A3
:1001D0000000000000000000BB0300080000000059
:1001E000000000000000000000000000000000000F
:1001F0000000000000000000BB030008BB03000873
:10020000BB030008BB03000800000000BB0300089C
:10021000BB030008BB030008BB030008BB030008C6
:10022000BB03000800000000BB0300080000000042
:10023000BB030008BB03000800000000BB0300086C
:10024000BB030008BB030008BB030008BB03000896
:10025000BB030008BB030008BB030008BB03000886
:10026000BB030008BB030008BB030008BB03000876
:10027000BB030008BB030008BB030008000000002C
:10028000BB030008BB030008BB030008BB03000856
:1002900000000000BB030008BB03000800000000D2
:1002A00000000000BB030008BB030008BB030008FC
:1002B000BB030008BB030008BB030008810C000857
:1002C000910C0008BB030008BB03000800F002F813
:1002D00000F054F814A696E8000CB244B344DA4592
:1002E00001D100F04BF8BAE80F000FA696E83000F5
:1002F000A5EB040504EB0607AAEB0704A7F1010729
:100300004FEA15154FEA3414A4F10104AC4201D3AD
:1003100000F034F813F0010F18BFFB1A43F001038B
:1003200000F001F8DBE71847B8D20000E8D200007F
:10033000103A24BF78C878C1FAD8520724BF30C811
:1003400030C144BF04680C60704700007047000073
:100350000023002400250026103A28BF78C1FBD8CE
:10036000520728BF30C148BF0B6070471FB50CF063
:10037000DBFF00F049F91FBD10B510BD00F0A0F97A
:100380001146FFF7F3FF0AF05BFB00F0BEF903B480
:10039000FFF7F2FF03BC00F0C1F900000A488047F4
:1003A0000A4880470A480047FEE7FEE7FEE7FEE707
:1003B000FEE7FEE7FEE7FEE7FEE7FEE70548064943
:1003C000064A074B70470000510C0008817B00086B
:1003D000CD02000860540020605A002060560020C2
:1003E0006056002053EA020C00F069802DE9F04BC2
:1003F0004FF00006002B1FBFB3FA83F503FA05F494
:1004000024FA05F65E4012BF1643B2FA82F502FAEC
:1004100005F4C5F120051EBF22FA05FC44EA0C04D0
:10042000203556EA044C4FEA144418BF641C4FF0C0
:1004300000084FF00009904271EB030C39D30029FA
:1004400019BFB1FA81F701FA07F6B0FA80F700FA9E
:1004500007F6C7F120071EBF20FA07FC46EA0C0684
:100460002037B6FBF4FCA7EB0507103F07F01F0B86
:10047000CBF120062CFA06F60CFA0BFB44BFB34670
:100480000026202FA4BF5E464FF0000B5BEA060C4F
:1004900008BF4FF0010B19EB0B0948EB0608ABFB4B
:1004A000027C06FB02CC0BFB03CCC01B71EB0C01E6
:1004B000C1E70B46024641464846BDE8F08B13B5FE
:1004C000084318BF4FF0FF300146AFF30080BDE88E
:1004D0001C407047032A40F2308010F0030C00F0FB
:1004E000158011F8013BBCF1020F624498BF11F86E
:1004F00001CB00F8013B38BF11F8013BA2F1040227
:1005000098BF00F801CB38BF00F8013B11F003039E
:1005100000F09B80083AC0F0088051F8043B083A8C
:1005200051F804CBA0E80810F5E7121D5CBF51F8A4
:10053000043B40F8043BAFF30080D20724BF11F81E
:10054000013B11F801CB48BF11F8012B24BF00F883
:10055000013B00F801CB48BF00F8012B704702F0C7
:10056000FF0343EA032242EA024200F024B84FF0BC
:1005700000020429C0F0128010F0030C00F01B8070
:10058000CCF1040CBCF1020F18BF00F8012BA8BF7E
:1005900020F8022BA1EB0C0100F00DB85FEAC17C42
:1005A00024BF00F8012B00F8012B48BF00F8012BF5
:1005B00070474FF0000200B5134694469646203926
:1005C00022BFA0E80C50A0E80C50B1F12001BFF40C
:1005D000F7AF090728BFA0E80C5048BF0CC05DF872
:1005E00004EB890028BF40F8042B08BF704748BFC0
:1005F00020F8022B11F0804F18BF00F8012B704734
:10060000704770477047000008487CB578440090F8
:1006100007487844009C0546019004E020460168A4
:1006200008448047241DAC42F8D17CBD00D00000B6
:10063000FECF000010B500F03BF8006810BD10B50B
:10064000044600F035F8046010BD10B5203AC0F043
:100650000B80B1E81850A0E81850B1E81850A0E895
:100660001850203ABFF4F5AF5FEA027C24BFB1E82E
:100670001850A0E8185044BF18C918C0BDE8104071
:100680005FEA827C24BF51F8043B40F8043B08BF7A
:100690007047D20728BF31F8023B48BF11F8012B41
:1006A00028BF20F8023B48BF00F8012B704700002C
:1006B00000487047180000200048704718000020CC
:1006C0007546FFF7F9FFAE4605006946534620F030
:1006D0000700854618B020B5FFF770FEBDE8204042
:1006E0004FF000064FF000074FF000084FF0000BEE
:1006F000AC46ACE8C009ACE8C009ACE8C009ACE85D
:10070000C00921F007018D46704710B50446AFF3CC
:1007100000802046BDE81040FFF739BE014918208F
:10072000ABBEFEE72600020070470000000000009C
:10073000FEE700000000000040F24020C2F200008E
:1007400000F0A2BE0000000040F20F42D0F800C04E
:10075000C4F20202944511DC6F22C4F202029445F5
:1007600022DC3F22C4F20202944539DC1022C4F29A
:10077000020294455AD0282254E000BF40F26F4252
:10078000C4F2020294451BDC40F23F42C4F2020272
:1007900094452DDC40F21042C4F20202944545D04B
:1007A00040F228423EE000BF9F22C4F2020294457C
:1007B00028DC7022C4F20202944537D0882231E04E
:1007C00040F29F42C4F20202944523DC40F27042A0
:1007D000C4F20202944529D040F2884222E000BFD0
:1007E0004022C4F20202944520D058221AE000BFF1
:1007F00040F24042C4F20202944517D040F25842FF
:1008000010E000BFA022C4F2020294450ED0B8222C
:1008100008E000BF40F2B842C4F20202944505D09D
:1008200040F2A042C4F20202944517D10CF0F80243
:100830004AF6AB23103ACAF6AA23A2FB03310AA355
:100840005F2AC1F302115B5C40F2FF312CEA010127
:10085000C36588BF04318165084670472CF0FF01ED
:1008600081650846704700BF000610160006101686
:1008700070B540F26F44D0F800C0C4F20204D0F862
:1008800058E0A4451ADC9F25C4F20205AC4533DCD0
:100890005725C4F20205AC455ADC1025C4F2020506
:1008A000AC4500F098802825C4F20205AC4500F064
:1008B00092804025C4F202058AE000BF45F22F4530
:1008C000C5F60205AC452DDC40F2B745C4F2020581
:1008D000AC454BDC40F27045C4F20205AC457AD021
:1008E00040F28845C4F20205AC4574D040F2A04500
:1008F000C4F202056CE000BF40F22745C4F20205D5
:10090000AC4543DCA025C4F20205AC4563D0B82554
:10091000C4F20205AC455ED040F21045C4F20205B7
:1009200056E000BF45F26B45C5F60205AC453FDC1D
:1009300045F23045C5F60205AC454CD045F244457C
:10094000C5F60205AC4546D045F258453EE000BF2D
:100950005825C4F20205AC453DD07025C4F202050D
:10096000AC4538D08825C4F2020531E040F2B845E4
:10097000C4F20205AC452ED045F20845C5F6020585
:10098000AC4528D045F21C4520E000BF40F2284588
:10099000C4F20205AC451ED040F24045C4F2020547
:1009A000AC4518D040F25845C4F2020510E000BF33
:1009B00045F26C45C5F60205AC450CD045F29445B0
:1009C000C5F60205AC4506D045F28045C5F60205E0
:1009D000AC4540F0D080456EC66E002E866E6E60CF
:1009E0001CBFD0E91C566E60A44515DC9F24C4F2E0
:1009F0000204A4452CDC5724C4F20204A44551DCB3
:100A00001024C4F20204A4457AD02824C4F20204BB
:100A1000A44575D040246FE045F22F44C5F602048A
:100A2000A44529DC40F2B744C4F20204A44545DCE5
:100A300040F27044C4F20204A44561D040F28844FC
:100A4000C4F20204A4455BD040F2A04454E000BFCD
:100A500040F22744C4F20204A4453FDCA024C4F2BF
:100A60000204A4454CD0B824C4F20204A44547D0E3
:100A700040F2104440E000BF45F26B44C5F602046A
:100A8000A44555DC45F23044C5F60204A44561D0C6
:100A900045F24444C5F60204A4455BD045F25844EF
:100AA00054E000BF5824C4F20204A44528D07024A6
:100AB000C4F20204A44523D088241DE040F2B844C7
:100AC000C4F20204A4451BD045F20844C5F6020452
:100AD000A4453FD045F21C4438E000BF40F2284412
:100AE000C4F20204A4450BD040F24044C4F2020414
:100AF000A44505D040F25844C4F20204A4453AD1BA
:100B00008468C06D00F01F003F2505FA00F0CEF8A4
:100B10000800DCF80000402C20F48020CCF8000015
:100B2000CCF8043023D1CCF80820CCF80C1070BDE0
:100B300045F26C44C5F60204A4450BD045F280444E
:100B4000C5F60204A44505D045F29444C5F6020456
:100B5000A44510D1C46D012504F01F04806805FA76
:100B600004F4CEF804404028CCF80430DBD0CCF8B4
:100B70000810CCF80C2070BD704700000000000089
:100B800072B600BFFEE7000040F61C1840F6881958
:100B900040F6F41B40F6602740F6CC2440F638358A
:100BA000C2F20008C2F20009C2F2000BC2F2000752
:100BB000C2F20004C2F20005032002214FF0FF320E
:100BC00009F0E2FFC10703D14FF0000A2CE000BF9B
:100BD00040F280010646C2F20001096808460AF0A8
:100BE0002FF93046FD210646404609F055FEFD210D
:100BF000484609F051FEFD21584609F04DFEFD2101
:100C0000384609F049FE01204FF0010A09F044FF7F
:100C1000FD21204609F040FEFD21284609F03CFE5A
:100C2000012009F039FF3046032801D103F0D4F93F
:100C30005FEACA70C0D003E0032801D103F0CCF909
:100C400003200221002209F09FFFC107F4D0C9E769
:100C500044F60400C5F60200816841F0020181609B
:100C60000168890409D4016889045CBF01685FEAEE
:100C7000814102D401688904F2D570470000000068
:100C800040F2B820C2F2000002F03EB800000000BE
:100C900040F2B820C2F2000002F036B800000000B6
:100CA0002DE9F041044603F023F83CB3054694F8DF
:100CB0003500022826D1276840F20F46C4F202060A
:100CC00040F26F483868B74220F0010038606FF09A
:100CD0000E00C4F202081DDC6F21C4F202018F4233
:100CE0002ADC3F21C4F202018F4241DC1021C4F210
:100CF00002018F4263D028215CE000BF0120BDE8E3
:100D0000F08100BF802060650120002184F834104C
:100D1000BDE8F08147451BDC40F23F41C4F20201CF
:100D20008F422DDC40F21041C4F202018F4246D0C6
:100D300040F228413EE000BF9F21C4F202018F42F1
:100D400028DC7021C4F202018F4238D0882131E0C2
:100D500040F29F41C4F202018F4223DC40F2704115
:100D6000C4F202018F422AD040F2884122E000BF43
:100D70004021C4F202018F4221D058211AE000BF65
:100D800040F24041C4F202018F4218D040F2584173
:100D900010E000BFA021C4F202018F420FD0B821A1
:100DA00008E000BF40F2B841C4F202018F4206D011
:100DB00040F2A041C4F202018F42394607D13946C0
:100DC000386820F01E0041F8140B6FF080000A68AC
:100DD000474500EA020008601ADC9F20C4F20200C6
:100DE000874233DC5720C4F2020087425ADC1020CD
:100DF000C4F20200874200F097802820C4F202006B
:100E0000874200F091804020C4F202008AE000BFD7
:100E100045F22F40C5F6020087422DDC40F2B74074
:100E2000C4F2020087424BDC40F27040C4F2020080
:100E3000874279D040F28840C4F20200874273D0E2
:100E400040F2A040C4F202006CE000BF40F2274034
:100E5000C4F20200874243DCA020C4F202008742B1
:100E600062D0B820C4F2020087425DD040F2104048
:100E7000C4F2020056E000BF45F26B40C5F6020026
:100E800087423FDC45F23040C5F6020087424BD036
:100E900045F24440C5F60200874245D045F258402D
:100EA0003EE000BF5820C4F2020087423CD07020D0
:100EB000C4F20200874237D08820C4F2020031E039
:100EC00040F2B840C4F2020087422DD045F20840FB
:100ED000C5F60200874227D045F21C4020E000BF43
:100EE00040F22840C4F2020087421DD040F2404048
:100EF000C4F20200874217D040F25840C4F2020008
:100F000010E000BF45F26C40C5F6020087420BD0EE
:100F100045F29440C5F60200874205D045F2804074
:100F2000C5F60200874205D1206E016821F4807168
:100F3000016000BF3868C00710D002F0D9FE401B26
:100F40000628F7D320206065032084F835000120AF
:100F5000002184F83410BDE8F08100BF206808212A
:100F6000B0424FF03F0211DC6F23C4F202039842FB
:100F70001EDC3F23C4F20203984235DC1023C4F286
:100F80000203984257D0282350E000BF40451BDCA5
:100F900040F23F43C4F2020398422DDC40F210437A
:100FA000C4F20203984246D040F228433EE000BF1C
:100FB0009F23C4F20203984228DC7023C4F2020388
:100FC000984238D0882331E040F29F43C4F20203B4
:100FD000984223DC40F27043C4F2020398422AD0C4
:100FE00040F2884322E000BF4023C4F2020398424B
:100FF00021D058231AE000BF40F24043C4F202035C
:10100000984218D040F2584310E000BFA023C4F229
:10101000020398420FD0B82308E000BF40F2A0437B
:10102000C4F20203984206D040F2B843C4F202036D
:10103000984240F0C580D4E9163707F01F074045B5
:1010400002FA07F25A5019DC9F21C4F202018842C9
:1010500032DC5721C4F20201884259DC1021C4F26B
:101060000201884200F096802821C4F202018842E1
:1010700000F090804021C4F2020189E045F22F4146
:10108000C5F6020188422DDC40F2B741C4F20201EC
:1010900088424BDC40F27041C4F20201884279D0B0
:1010A00040F28841C4F20201884273D040F2A0416C
:1010B000C4F202016CE000BF40F22741C4F2020119
:1010C000884243DCA021C4F20201884262D0B821E8
:1010D000C4F2020188425DD040F21041C4F2020124
:1010E00056E000BF45F26B41C5F6020188423FDC85
:1010F00045F23041C5F6020188424BD045F24441E9
:10110000C5F60201884245D045F258413EE000BF95
:101110005821C4F2020188423CD07021C4F202017D
:10112000884237D08821C4F2020131E040F2B84150
:10113000C4F2020188422DD045F20841C5F60201F1
:10114000884227D045F21C4120E000BF40F22841F0
:10115000C4F2020188421DD040F24041C4F20201B3
:10116000884217D040F25841C4F2020110E000BF9B
:1011700045F26C41C5F6020188420BD045F294411C
:10118000C5F60201884205D045F28041C5F602014C
:1011900088420BD1616EA26EE06E4A6030B1016888
:1011A00021F480710160D4E91C014160012084F8C0
:1011B00035000020002184F83410BDE8F08100BF24
:1011C0000421012237E70000F0B190F83510022920
:1011D00018D180B540F20F420168C4F20202914278
:1011E00014DC6F23C4F20203994225DC3F23C4F2CE
:1011F000020399423CDC1023C4F2020399425DD001
:10120000282357E0802141650120704740F26F4359
:10121000C4F2020399421BDC40F23F43C4F20203D2
:1012200099422DDC40F21043C4F20203994245D0AA
:1012300040F228433EE000BF9F23C4F202039942DC
:1012400028DC7023C4F20203994237D0882331E0AE
:1012500040F29F43C4F20203994223DC40F2704300
:10126000C4F20203994229D040F2884322E000BF31
:101270004023C4F20203994220D058231AE000BF51
:1012800040F24043C4F20203994217D040F258435F
:1012900010E000BFA023C4F2020399420ED0B8238D
:1012A00008E000BF40F2B843C4F20203994205D0FF
:1012B00040F2A043C4F20203994275D191424FF02B
:1012C000040280F8352011DC6F20C4F20200814254
:1012D00022DC3F20C4F20200814239DC1020C4F23B
:1012E0000200814259D0282054E000BF40F26F40F4
:1012F000C4F2020081421BDC40F23F40C4F2020013
:1013000081422DDC40F21040C4F20200814244D000
:1013100040F228403EE000BF9F20C4F2020081421C
:1013200028DC7020C4F20200814236D0882031E0EF
:1013300040F29F40C4F20200814223DC40F2704040
:10134000C4F20200814228D040F2884022E000BF6F
:101350004020C4F2020081421FD058201AE000BF92
:1013600040F24040C4F20200814216D040F25840A0
:1013700010E000BFA020C4F2020081420DD0B820CE
:1013800008E000BF40F2B840C4F20200814204D03D
:1013900040F2A040C4F202008142086820F001003F
:1013A0000860002080BD00BF0A6822F001020A60C8
:1013B00045F25742C5F6020291420A6822F00E0237
:1013C0000A600FDC45F22F42C5F60202914219DC99
:1013D00045F20842C5F60202914229D045F21C426C
:1013E00022E000BF45F27F42C5F60202914213DCC3
:1013F00045F25842C5F60202914219D045F26C42BC
:1014000012E000BF45F23042C5F6020291420FD011
:1014100045F2444208E000BF45F29442C5F602029C
:10142000914205D045F28042C5F6020291421AD19E
:10143000D0E9181CD0E916E30A6822F480720A6029
:1014400003F01F01012202FA01F1CEF80410816EAF
:10145000CCF80410C16E31B10A6822F480720A60BF
:10146000D0E91C124A60012180F83510016D00227C
:10147000002980F8342094D08847002080BD0000E7
:10148000406D7047000000002DE9F04782B0002158
:10149000019140F2080148F2B513C2F20001C1F611
:1014A0004E33856D40F26F490A680168C4F2020943
:1014B0002E68A2FB032849452A6815DC9F22C4F246
:1014C000020291422CDC5722C4F20202914251DC0A
:1014D0001022C4F2020291427BD02822C4F20202FE
:1014E000914276D040226FE045F22F43C5F60203C9
:1014F000994229DC40F2B743C4F20203994245DC29
:1015000040F27042C4F20202914262D040F288423C
:10151000C4F2020291425CD040F2A04254E000BF0B
:1015200040F22742C4F2020291423FDCA022C4F200
:10153000020291424DD0B822C4F20202914248D038
:1015400040F2104240E000BF45F26B43C5F6020393
:10155000994275DC45F23043C5F60203994200F02A
:10156000828045F24443C5F6020399427BD045F29E
:10157000584373E05822C4F20202914229D07022EB
:10158000C4F20202914224D088221DE040F2B84306
:10159000C4F2020399421CD045F20843C5F6020387
:1015A000994260D045F21C4358E000BF40F2284207
:1015B000C4F2020291420CD040F24042C4F2020254
:1015C000914206D040F25842C4F20202914240F0E9
:1015D0005383C26D082302F01F0240F20F4A93406A
:1015E000C4F2020A334200F0DE8051454FF0040499
:1015F00012DC6F27C4F20207B9426DDC3F27C4F248
:101600000207B94200F39C801027C4F20207B942D6
:1016100000F0BD802827B5E0494569DC40F23F472E
:10162000C4F20207B94200F3938040F21047C4F2BB
:101630000207B94200F0AB8040F22847A2E000BFA9
:1016400045F26C43C5F6020399420CD045F2804343
:10165000C5F60203994206D045F29443C5F602034B
:10166000994240F009830B68C76D07F01F070426F5
:10167000BE40164218BF13F0040423D10226BE4018
:10168000164218BF13F0020442D1FA40120740F18B
:10169000F38213F0080200F0EF820A6822F00E02D3
:1016A0000A60012101FA07F26A60416580F835108D
:1016B000C16C00294FF0000280F8342040F0D8823D
:1016C000DAE200BF1A046E6034D49A0635D40A6890
:1016D00022F004020A6030E09F27C4F20207B942F8
:1016E00040DC7027C4F20207B94250D0882749E095
:1016F00040F29F47C4F20207B9423BDC40F2704718
:10170000C4F20207B94242D040F288473AE000BF33
:101710001A046E6000F1B4829A0600F1B5820A687C
:1017200022F00A020A60012180F83510002180F8B9
:101730003410A9E2D90300F1A982016C97E200BF3D
:101740004027C4F20207B94221D058271AE000BF4F
:1017500040F24047C4F20207B94218D040F258475D
:1017600010E000BFA027C4F20207B9420FD0B8278B
:1017700008E000BF40F2A047C4F20207B94206D019
:1017800040F2B847C4F20207B94218BF08240F68F4
:10179000274208D00F6827F004070F60AB60436D45
:1017A00043F0010343650123934033426FD0514519
:1017B00010DC6F27C4F20207B9421DDC3F27C4F2D8
:1017C0000207B94234DC1027C4F20207B94256D0EE
:1017D00028274FE049451BDC40F23F47C4F202078F
:1017E000B9422DDC40F21047C4F20207B94246D09C
:1017F00040F228473EE000BF9F27C4F20207B942EB
:1018000028DC7027C4F20207B94238D0882731E0BB
:1018100040F29F47C4F20207B94223DC40F270470E
:10182000C4F20207B9422AD040F2884722E000BF42
:101830004027C4F20207B94221D058271AE000BF5E
:1018400040F24047C4F20207B94218D040F258476C
:1018500010E000BFA027C4F20207B9420FD0B8279A
:1018600008E000BF40F2A047C4F20207B94206D028
:1018700040F2B847C4F20207B94240F00D824F6906
:101880003F0604D5AB60436D43F002034365042378
:10189000934033426FD0514510DC6F27C4F20207EA
:1018A000B9421DDC3F27C4F20207B94234DC1027DD
:1018B000C4F20207B94256D028274FE049451BDC45
:1018C00040F23F47C4F20207B9422DDC40F2104714
:1018D000C4F20207B94246D040F228473EE000BFBA
:1018E0009F27C4F20207B94228DC7027C4F202071E
:1018F000B94238D0882731E040F29F47C4F202074E
:10190000B94223DC40F27047C4F20207B9422AD040
:1019100040F2884722E000BF4027C4F20207B942E4
:1019200021D058271AE000BF40F24047C4F2020716
:10193000B94218D040F2584710E000BFA027C4F2C7
:101940000207B9420FD0B82708E000BF40F2A04715
:10195000C4F20207B94206D040F2B847C4F2020707
:10196000B94240F0A1810F68BF0704D5AB60436D59
:1019700043F004034365102303FA02F2324200F0FD
:10198000828051454FF0080310DC6F27C4F2020734
:10199000B9421DDC3F27C4F20207B94234DC1027EC
:1019A000C4F20207B94256D028274FE049451BDC54
:1019B00040F23F47C4F20207B9422DDC40F2104723
:1019C000C4F20207B94246D040F228473EE000BFC9
:1019D0009F27C4F20207B94228DC7027C4F202072D
:1019E000B94238D0882731E040F29F47C4F202075D
:1019F000B94223DC40F27047C4F20207B9422AD050
:101A000040F2884722E000BF4027C4F20207B942F3
:101A100021D058271AE000BF40F24047C4F2020725
:101A2000B94218D040F2584710E000BFA027C4F2D6
:101A30000207B9420FD0B82708E000BF40F2A04724
:101A4000C4F20207B94206D040F2B847C4F2020716
:101A5000B94218BF04230F681F4214D0AA600A6855
:101A600052030A6808D4D20508D40A6822F0080292
:101A70000A60016C21B906E0110351D4016C11B167
:101A8000044688472046C16D01F01F02202101FA5B
:101A900002F3334200F0AF8001681027514511DC9A
:101AA0006F26C4F20206B1421EDC3F26C4F20206D3
:101AB000B14239DC1026C4F20206B1425BD02826BE
:101AC00054E000BF49451BDC40F23F46C4F2020629
:101AD000B14231DC40F21046C4F20206B1424AD0B3
:101AE00040F2284642E000BF9F26C4F20206B142FF
:101AF0002CDC7026C4F20206B1423CD0882635E0C8
:101B000040F29F46C4F20206B14227DC40F2704622
:101B1000C4F20206B1422ED040F2884626E000BF51
:101B2000816C0029ACD1AEE74026C4F20206B14276
:101B300021D058261AE000BF40F24046C4F2020607
:101B4000B14218D040F2584610E000BFA026C4F2BF
:101B50000206B1420FD0B82608E000BF40F2A0460E
:101B6000C4F20206B14206D040F2B846C4F2020600
:101B7000B14218BF02270E683E423CD0AB6090F8DD
:101B80003530042B0B681DD123F016030B604B6915
:101B900023F080034B61036C0BB9836C1BB10B68A2
:101BA00023F008030B603F219140A960012180F8D8
:101BB0003510016D00294FF0000280F8342057D114
:101BC0005AE000BF5A030A680ED4D2050ED40A6840
:101BD00022F010020A60012180F83510002180F8FF
:101BE0003410C16B21B906E0110351D4C16B11B19E
:101BF000044688472046416D00293DD0416DC90704
:101C000034D0042180F8351001684FEA98220B681F
:101C100023F001030B60019B0133019393421AD817
:101C20000B68DB0717D0019B01330193934212D855
:101C30000B68DB070FD0019B0133019393420AD855
:101C40000B68DB0707D0019B01330193934202D855
:101C50000B68DB07DFD10968C9074FF0030108BF34
:101C6000012180F83510002180F83410C16C19B1C1
:101C700002B0BDE8F047084702B0BDE8F08700BFFA
:101C8000D90301D4416CF2E7C16BF0E7816CEEE758
:101C9000416C0029ACD1AEE70B680423934033427A
:101CA0007FF4F9AD67E600BF0B6864E60000000052
:101CB0002DE9F041044602F01BF8FCB140F26F48F8
:101CC00005462068C4F2020840451BDC9F21C4F28F
:101CD0000201884232DC5721C4F20201884259DCF9
:101CE0001021C4F20201884200F083802821C4F24E
:101CF0000201884200F07D80402175E00120BDE8AE
:101D0000F08100BF45F22F41C5F60201884229DC6F
:101D100040F2B741C4F20201884247DC40F2704110
:101D2000C4F20201884264D040F28841C4F2020148
:101D300088425ED040F2A04156E000BF40F2274109
:101D4000C4F20201884241DCA021C4F202018842AF
:101D50004FD0B821C4F2020188424AD040F210416B
:101D600042E000BF45F26B41C5F60201884200F334
:101D7000D18045F23041C5F60201884200F0DD8095
:101D800045F24441C5F60201884200F0D68045F292
:101D90005841CDE05821C4F20201884229D0702177
:101DA000C4F20201884224D088211DE040F2B841EB
:101DB000C4F2020188421CD045F20841C5F6020176
:101DC000884200F0BA8045F21C41B1E040F228415F
:101DD000C4F2020188420CD040F24041C4F2020138
:101DE000884206D040F25841C4F20201884240F0D5
:101DF0003981022184F83510002184F834100168FB
:101E000021F00101016000BF20680168C9070DD001
:101E100001F06EFF401B0628F6D3202060650320EA
:101E200084F835000120BDE8F08100BF48F23F0290
:101E300004F108060168CFF61062114065694CCEC6
:101E40001143A2691943E3693143266A0D43616A6C
:101E50002B43042943EA060343EA020303D1D4E9EE
:101E60000B652E4333436568A5F12906292E00F240
:101E70003182DFE816F02B002B002B002B002B000B
:101E80002B002F022F022F022F022F022F022F02D0
:101E90002F022F022F022F022F022F022F022F02BA
:101EA0002F022B002B002B002B002F022F022F02C2
:101EB0002F022B002B002F022F022F022F022F02A6
:101EC0002F022B002B002B002B0000BF43F48013AC
:101ED00003600429436923F0070341EA030140F04A
:101EE000DD80D4E90A53002B41EA050100F0D680D9
:101EF000B2F5005F00F0B880002A40F0C180022DEA
:101F000000F0C180012D00F0B580002D00F0BB80F5
:101F1000C4E000BF45F26C41C5F6020188420CD016
:101F200045F28041C5F60201884206D045F294414F
:101F3000C5F60201884240F0958004F1080E0221A6
:101F400084F83510002184F834100168A3699EE8F4
:101F50000450A2F18005E769B5FA85F566696D0957
:101F6000402A4FEA853543EA07026FF3101142EA2F
:101F7000060208BF102541EADC0142EA0E02236A8C
:101F8000294341EAD20141EA131140F80819C0B2CD
:101F9000CD2148433C2101EA9020E0652046FEF730
:101FA000D3FBE16D012201F01F0102FA01F1416052
:101FB0002068404500F381809F21C4F202018842DD
:101FC00014DC5721C4F20201884227DC1021C4F23C
:101FD0000201884200F0C7802821C4F20201884231
:101FE00000F0C1804021C4F20201B9E040F2274173
:101FF000C4F20201884221DCA021C4F2020188421D
:1020000000F0B180B821C4F20201884200F0AB8038
:1020100040F21041C4F20201A2E000BF5821C4F214
:102020000201884200F09F807021C4F202018842C0
:1020300000F099808821C4F2020191E040F2284129
:10204000C4F20201884200F08E8040F24041C4F2A6
:102050000201884200F0878040F25841C4F2020138
:102060007EE000BF4020D9E6032D17D8DFE805F059
:102070000E0B0E02A3F1C072B2FA82F2520904E012
:10208000032D03D30AD1C3F300623AB14020606547
:10209000012084F83500BDE8F08100BF4161204691
:1020A000FEF752FBE16D3F2201F01F0102FA01F140
:1020B0008160206840457FF77FAF45F22F41C5F62C
:1020C0000201884216DC40F2B741C4F202018842A4
:1020D00026DC40F27041C4F20201884243D040F253
:1020E0008841C4F2020188423DD040F2A041C4F2CE
:1020F000020135E045F26B41C5F6020188421FDC62
:1021000045F23041C5F6020188422CD045F24441E7
:10211000C5F60201884226D045F258411EE000BFB4
:1021200040F2B841C4F2020188421CD045F2084195
:10213000C5F60201884216D045F21C410EE000BFF0
:1021400045F26C41C5F6020188420CD045F294413B
:10215000C5F60201884206D045F28041C5F602016B
:10216000884240F0E18045F2574C45F6FC0EC5F63A
:10217000020CC5F6020E60450EDC45F22F41C5F695
:102180000201884218DC45F20841C5F60201884286
:1021900028D045F21C4121E045F27F41C5F60201FD
:1021A000884213DC45F25841C5F60201884219D035
:1021B00045F26C4112E000BF45F23041C5F6020124
:1021C00088420FD045F2444108E000BF45F29441F7
:1021D000C5F60201884205D045F28041C5F60201EC
:1021E000884247D100F0FC014CF6CD420839CCF6CC
:1021F000CC42A1FB0212AEF1FC05AEF17C06130944
:10220000A26803F01F01802A4FF0010205EB83054D
:10221000256602FA01F26666A26605D100206060BA
:10222000286072601EE000BF6368D9B25F1E072F8E
:102230002960726016D84E1E082E19D260450EF124
:10224000440237DC45F22F41C5F60201884249DCE1
:1022500045F20841C5F60201884259D045F21C41B9
:1022600052E000BF00206067C4E91B005CE000BFD3
:10227000E06E54E000F0F8014AF6AB221039CAF6DD
:10228000AA22A1FB021240F20F43C4F20203082566
:102290001109984203F1AA060B4688BF05EB1213F9
:1022A00040F60005B042C4F2020505F1800628BFE1
:1022B0000B46A5E745F27F41C5F6020188421BDCCB
:1022C00045F25841C5F60201884221D045F26C41E1
:1022D0001AE000BF25F00307742F08BF43F48013F2
:1022E000F6E500BF45F23041C5F6020188420FD045
:1022F00045F2444108E000BF45F28041C5F60201C5
:10230000884205D045F29441C5F60201884213D1B6
:102310000EEB83000121E066B14022676167002176
:102320000160D4E91C01416000206065012184F84E
:102330003510BDE8F08100BF40F60000C4F2020095
:1023400000F1FC0E00F5A072E2E7000000000000C2
:1023500030B110B590F83440012C03D1022010BDEB
:1023600001207047012480F8344090F83540012C5A
:102370002CD1022480F8354000244465D0F800C0F8
:10238000DCF8004024F00104CCF800400446FEF7DD
:102390006FFA40F20F4C2068C4F2020C40F26F4119
:1023A0006045C4F2020119DC6F23C4F202039842B3
:1023B00026DC3F23C4F2020398423DDC1023C4F222
:1023C000020398425FD0282358E000BF4FF4006119
:1023D0004165002180F83410012010BD88421BDCCB
:1023E00040F23F43C4F2020398422DDC40F2104316
:1023F000C4F20203984246D040F228433EE000BFB8
:102400009F23C4F20203984228DC7023C4F2020323
:10241000984238D0882331E040F29F43C4F202034F
:10242000984223DC40F27043C4F2020398422AD05F
:1024300040F2884322E000BF4023C4F202039842E6
:1024400021D058231AE000BF40F24043C4F20203F7
:10245000984218D040F2584310E000BFA023C4F2C5
:10246000020398420FD0B82308E000BF40F2B843FF
:10247000C4F20203984206D040F2A043C4F2020321
:10248000984240F02F8103680B2262F344030360FB
:10249000226C1AB1082302681A430260884219DCD0
:1024A0009F22C4F20202904232DC5722C4F202029E
:1024B000904259DC1022C4F20202904200F0968051
:1024C0002822C4F20202904200F090804022C4F21E
:1024D000020289E045F22F42C5F6020290422DDC4D
:1024E00040F2B742C4F2020290424BDC40F270422A
:1024F000C4F20202904279D040F28842C4F2020251
:10250000904273D040F2A042C4F202026CE000BFDD
:1025100040F22742C4F20202904243DCA022C4F2FD
:102520000202904262D0B822C4F2020290425DD010
:1025300040F21042C4F2020256E000BF45F26B4284
:10254000C5F6020290423FDC45F23042C5F6020277
:1025500090424BD045F24442C5F60202904245D02B
:1025600045F258423EE000BF5822C4F202029042B7
:102570003CD07022C4F20202904237D08822C4F2CA
:10258000020231E040F2B842C4F2020290422DD081
:1025900045F20842C5F60202904227D045F21C429D
:1025A00020E000BF40F22842C4F2020290421DD057
:1025B00040F24042C4F20202904217D040F2584228
:1025C000C4F2020210E000BF45F26C42C5F60202FE
:1025D00090420BD045F29442C5F60202904205D0DB
:1025E00045F28042C5F60202904274D1236E1A6809
:1025F000D20303D51A6842F480721A60E36E1BB1ED
:102600001A6842F480721A60604511DC6F21C4F2CE
:10261000020188421EDC3F21C4F20201884235DCFF
:102620001021C4F20201884255D0282150E000BF99
:1026300088421BDC40F23F41C4F2020188422DDC9B
:1026400040F21041C4F20201884244D040F22841D5
:102650003EE000BF9F21C4F20201884228DC7021C5
:10266000C4F20201884236D0882131E040F29F4115
:10267000C4F20201884223DC40F27041C4F202013C
:10268000884228D040F2884122E000BF4021C4F2B5
:10269000020188421FD058211AE000BF40F2404199
:1026A000C4F20201884216D040F2584110E000BF47
:1026B000A021C4F2020188420DD0B82108E000BF79
:1026C00040F2B841C4F20201884204D040F2A04175
:1026D000C4F202018842016841F00101016000205A
:1026E00010BD00BF0268052363F343020260226C41
:1026F000002A3FF4D3AE0423CDE600000000000022
:1027000090F89830013B012B0ED80068836D0B4286
:1027100012D0836D0B408B4232D1C36D43F0020364
:10272000C3658B050ED412E000F19C01012002224A
:102730000B681A430A607047C36D43F00103C36519
:102740008B0504D5D0F8E0301343C0F8E0304B05DA
:1027500004D5D0F8E4301A43C0F8E4204FF6FF72F5
:10276000436DC3F6CF720A401A4342658A0F4AF698
:1027700014010020C4F200010B681A430A6070477C
:102780000323C3658B05DDD4E1E7000000000000F2
:1027900090F89830022B1BD12DE9F0430668D6F84B
:1027A000C03013F07C5F1BD0D6F8C4309B0221D41C
:1027B000D6F8C4300C69C3F3044CD1E90035002DC0
:1027C0008D6821D023432B4343F0804E20E000BF8F
:1027D000D0F89C1041F00801C0F89C10012070470F
:1027E000D0F89C1041F02001C0F89C100120BDE8F9
:1027F000F08300BFD0F89C1041F40071C0F89C1029
:102800000120BDE8F08300BF44EA834343EA050E9C
:10281000836ED0F88450D1E907970CFB03F48B69E1
:1028200049EA0767D1F81480D1F80C901F4305EBF3
:10283000840347EA080745F824E047EA09475F6050
:10284000CF6887B14DF25455083303320024C0F6E7
:10285000000500BF171957F8037C1F51CF680434D7
:10286000EF5DBC42F6D3012101FA0CF1C6F8D0109D
:10287000C0F894100020BDE8F083000000000000C4
:10288000704700000000000090F89830012B0FD135
:10289000012900684FEA026212D0D9B9D0F8F010CD
:1028A00021F07C511143C0F8F0100020704700BFA8
:1028B000D0F89C1041F00401C0F89C100120704732
:1028C000D0F8A01021F0FE411143C0F8A010002064
:1028D000704700BFD0F8B01021F0FE411143C0F89E
:1028E000B01000207047000090F89820013A012AAB
:1028F0000CD880B50A68002ACA680FD00B69072A6D
:1029000043EA427E18D18B691BE000BFD0F89C10CF
:1029100041F00201C0F89C1001207047072A19D12C
:102920000A69D1E906C3120442EA032242EA0C0210
:1029300042F0605218E000BFD1F808C04B6943EA8A
:102940008C73006F496800EBC10240F831E05360BE
:10295000002080BD8B68D1E904CE9B0743EAC262A8
:1029600042EA0C4242EA0E024968C06E40F8212059
:10297000002080BD0000000090F898C0BCF1010F5D
:102980000ED19200006842EA0111DDF800C041EA70
:10299000430141EA0C01C0F880100020704700BFDD
:1029A000D0F89C1041F00401C0F89C100120704741
:1029B00090F89820012A07D10068426922F0FF02AE
:1029C0001143416100207047D0F89C1041F0040190
:1029D000C0F89C100120704790B110B5044600F07B
:1029E00017FE2068C16D21F00301C165204600F08B
:1029F00027FD0020C4F89C0084F8980010BD00BF9B
:102A00000120704700000000704700000000000037
:102A1000F0B58FB040F29817C2F200073A689042C2
:102A200002D00FB0F0BD00BF6D460C460021064637
:102A3000CDE90D11CDE90B112C212846FDF7B9FD8B
:102A40000BA9304600F020F83046294600F02CF85B
:102A50003046C7E9176400F013F8009978660B98C0
:102A6000B9660C99C7E91B0197F858000599796771
:102A7000013087F858000FB0F0BD000000000000E2
:102A8000D0F89C00704700000068026CD0B208606B
:102A9000C2F30623C2F3C030C1E90130C2F30742DA
:102AA0000020CA60704700000068426C02F0070016
:102AB0000860C2F302204860C2F3803302F01800BD
:102AC0008860C2F34010C860C2F380100861C2F38E
:102AD000C0104861C2F3C0208861C2F30030C861F1
:102AE000C2F34030C1E90803C2F3064200208A6203
:102AF00070470000000000002DE9F04390F8987046
:102B0000022F17D140291FD10468274657F8A06F1C
:102B100016F4FE0F3AD0D4F8A460760640D0D4F86C
:102B2000A460D4F8A450ED01C6F3052E42D4442588
:102B3000742656E0D0F89C1041F00801C0F89C10B3
:102B40000120BDE8F08300BF412915D10668374652
:102B500057F8B05F15F4FE0F18D0D6F8B4506D06D4
:102B60001ED0D6F8B450D6F8B460F601C5F3052EE1
:102B70002AD44C25782634E0076DB94206D24FF0AE
:102B8000000C54257C268E462CE000BFD0F89C100B
:102B900041F02001C0F89C100120BDE8F08300BF87
:102BA000D0F89C1041F48071C0F89C100120BDE861
:102BB000F08300BF3E684425B6F1FF3F4FF0740636
:102BC000F4460FDC08E000BF3E684C25B6F1FF3F3D
:102BD0004FF07806F44605DC0EF101043F6804EA84
:102BE000174EF446445985590EFB04F405EB840E48
:102BF00055F8247017F08047576055F8247027F077
:102C0000604608BFC7F38A46166055F8247007F07F
:102C10000057976055F8244004F000441461BEF852
:102C20000440D461BEF8064014F00F04D460DEF80E
:102C3000044004F480145461DEF8044004F40014E9
:102C400094619EF8074004F07F041462DEF80440AB
:102C50004FEAD474546228D04DF254580026C0F67E
:102C600000080EEB0604751C277A9F55D76818F8E4
:102C70000770BD4219D29F19657A7D70D56818F822
:102C80000590B51C4D453FBFA57ABD70D56818F8B5
:102C900005903CBFF51C4D4507D2E47A0436FC7024
:102CA000D46818F80440A642DBD3402906D1006856
:102CB000C0F8A8C00020BDE8F08300BF412905D1BD
:102CC0000068C0F8B8C00020BDE8F0831F2909D80B
:102CD0000068012202FA01F1C0F898100020BDE856
:102CE000F08300BF006801F01F01012202FA01F128
:102CF000C0F89C100020BDE8F08300000000000038
:102D000070470000000000002DE9F04F87B0044636
:102D10004AF61000C4F2000001684AF61400C4F23A
:102D20000000026820680A40D0F850B0D0F85490F3
:102D3000056D466D036D0293436D0193036D06931C
:102D4000436D0593036D0493436D0393D0F854A032
:102D5000D0F850805FEACA5311D518F480710ED0B4
:102D60004FF4807101654AF610010020C4F20001A1
:102D7000174608602046FFF7C3FF3A4620685FEA1F
:102D80004A510BEA090B4FEA827740F14B814AF630
:102D9000100918F48061C4F2000910D0D0F8DC10DA
:102DA0000092D0F8E42011404FF4806202650020C8
:102DB000C9F80000204600F007FE009A206805EAE6
:102DC00006050BF4704657B10021016502F00300BF
:102DD000C9F8000020463946FFF752FD2068DDE9BA
:102DE000012101EA020705F00F0546B10665002042
:102DF000C9F800002046314600F0EEFD206807F0DB
:102E0000F00645B105650020C9F8000020462946B6
:102E100000F0AEFB206846B106650020C9F800004E
:102E20002046314600F0D4FB20685FEA0A510CD5F9
:102E300018F4006109D04FF4006101650020C9F861
:102E40000000204600F0CCFD20685FEA8A5111D5D1
:102E500018F400710ED0D0F8D810D0F8E02011404E
:102E60004FF4007202650020C9F80000204600F00F
:102E7000AFFD20685FEA0A310CD518F4002109D0B3
:102E80004FF4002101650020C9F80000204600F041
:102E90006BFB20685FEACA310CD518F4803109D089
:102EA0004FF4803101650020C9F80000204600F091
:102EB00087FD20685FEA4A31DDE9032101EA020566
:102EC0000CD518F4802109D04FF480210165002031
:102ED000C9F80000204600F06FFD20685FEA8A31E3
:102EE000DDE9052102EA010205F060710ED518F452
:102EF00000330BD04FF4003303650023C9F80030D2
:102F0000D4F89C3043F08003C4F89C3002F0715533
:102F100039B101650020C9F800002046FFF778FDAF
:102F2000206845B105650021C9F80010D4F89C104F
:102F30002943C4F89C10A9F5016188420AD0D4F84D
:102F40009C0000286AD0204607B0BDE8F04FFFF78C
:102F50005BBD00BF606881688907F0D0016A426A82
:102F6000036A476A114003EA070202F03005D0F80D
:102F70002080D0F82490D0F820B0466A026A0692E9
:102F800011F00F01426A0592D0F824A0026A04925F
:102F900003D00162204600F003FD08EA09072DB1C5
:102FA000606829460562204600F002FD5FEA4A603B
:102FB00006EA0B0607F4C0750ED5049810F0400021
:102FC0000AD060684023C16BC26B090C02F03F025B
:102FD0000362204600F0E8FCDDE9051000EA010785
:102FE00006F4FC462DB1606829460562204600F0D3
:102FF000D3FC07F4F02036B161680E62D4F89C105F
:103000003143C4F89C10002899D061680862D4F854
:103010009C100843C4F89C0091E700BF07B0BDE8CE
:10302000F08F00BF4AF61009C4F20009002F05EA2C
:1030300006050BF470467FF4C7AED0E60000000032
:10304000F0B12DE9F04F83B04AF200080446C4F213
:1030500000080068404533D094F89810B9B38169EE
:1030600021F01001816100F043FE0546206881696E
:10307000090707D500F03CFE401B0B28F6D312E0F1
:1030800001207047816941F00101816100F030FE4B
:10309000054600BF20688169C90721D100F028FEDC
:1030A000401B0B28F6D30120D4F89C100843C4F829
:1030B0009C00032084F89800012003B0BDE8F08F45
:1030C00008F58071616094F898100029C7D100203C
:1030D00084F89900204600F0D7F92068BFE700BFC8
:1030E000816941F002018161217C826922F0400204
:1030F000012918BF40328261617C826922F48042DA
:10310000012908BF02F580428261A17C826922F414
:103110008052012918BF02F580528261816921F431
:103120004073D4E902120B438361836923F0A40343
:103130008361036923F0100303619AB1012A0DD062
:10314000022A09D08369032A43F08003836103695B
:1031500043F01002026105D1202200E004228369BD
:103160001A438261D4E90572E369561E6FF0FF02CB
:10317000256A02EB0323B1F5407F43EA4663A5F1DC
:10318000010646EA030640F20003CFF6FF7303EBA5
:10319000074746EA0701C16110D1D4E90B65D4E9BC
:1031A0000917013F02EB06226FF00F063A4306EBC8
:1031B00005173A4303EB01411143C160236E2BB164
:1031C000616ED0F8C0201143C0F8C010E16DCDE9A8
:1031D0000113D9424DF23841C0F6000109D0D0F8B0
:1031E000C820A36E22F0070251F823301A43C0F81A
:1031F000C820D4F840C0BCF1000F09D0D0F8BC20E2
:10320000636C22F0070251F823301A43C0F8BC2047
:10321000D4F848B0BBF1000F0AD0D0F8BC20E36C62
:1032200022F0700251F8233042EA0312C0F8BC20A9
:10323000D4F850A0BAF1000F0AD0D0F8BC20636DCA
:1032400022F4E06251F8231042EA0121C0F8BC10D8
:10325000404504D161688A6822F003028A60002137
:10326000C4F89410C4F89C10012184F8981004F15B
:103270003409D0F884104FF6FC729143656C99E8DC
:103280000C02009541EA8201C0F88410D0F8841045
:1032900021F47F0141EA0341C0F884109918D0F865
:1032A00088306FF38F0343EA8103C0F88830D0F889
:1032B000883023F4FE0343EA0943C0F8883001EB69
:1032C0004903D0F8A0606FF38F0646EA8306C0F882
:1032D000A060D0F8A06026F4FE0646EA0C46C0F8CE
:1032E000A06005FB0C36D0F8B0306FF38F0343EAD3
:1032F0008603C0F8B030D0F8B03023F4FE0343EAC0
:103300000B43C0F8B030E36CD0F8AC506FF38F05CE
:1033100003FB0B6645EA8605C0F8AC50D4F8548030
:1033200008FB0A65D0F8F0606FF38F0646EA850661
:10333000C0F8F060D0F8F0E0A66D2EF47C1747EAF4
:103340000647C0F8F070F70007EB8507D0F8C050CB
:103350006FF38F052F43C0F8C070D0F8C070009D88
:10336000DDF804E027F47C1705FB0CFC4AF20005AD
:1033700047EA0E47C0F8C070C4F2000503FB0BC358
:1033800005F54067D0F8C05007EB820207EB8101DA
:1033900025F07C57029D47EA0567C0F8C07001EB35
:1033A000C90008FB0A372167A16E00EB8C0C60672F
:1033B00000EB8303E266C4E91EC30EFB01F300EBDE
:1033C00087006943C4F8800000EBC600C4F884009D
:1033D00000EB8300C4F8880000EB81004DF2FC3163
:1033E000C4F20001C4F89000884201D920205BE6B5
:1033F00082421FD21146002041F8040BD4F89030CD
:103400009942BFF45AAE506002F10801D4F89030EE
:1034100099423FBF906002F10C01D4F8903099427C
:10342000BFF44BAED0601032D4F890108A42E1D392
:1034300043E600BF002003B0BDE8F08F00000000AD
:103440004DF200410068C4F20001884218BF704785
:1034500080B544F2EC40C5F60200016821F48071A9
:10346000016040F600404FF44051C5F6020000F004
:10347000BBFA9F2000F044FDA020BDE8804000F092
:103480003FBD0000000000002DE9F041BAB0044645
:1034900006A80830B02100253595CDE93855CDE98D
:1034A0003655FDF786F84DF200412068C4F2000160
:1034B000884203D03AB0BDE8F08100BF4FF400402D
:1034C00006904FF08050219006A8079501F098FDD6
:1034D00008B1FDF755FB44F2E04040F60044C5F664
:1034E0000200C5F602044FF440580226C1680027C6
:1034F00041F48071C160C168052501F480710191BA
:103500000199016841F008010160006835A900F0E7
:103510000800019001982046CDF8D4803696CDE978
:103520003777399500F0F0FA9F200521002200F04E
:1035300013FD9F2000F0FCFCA0200521002200F0DC
:103540000BFDA02000F0F4FC032001A9CDE9040547
:1035500020460397CDE9018600F0D6FA3AB0BDE8DF
:10356000F081000000000000704700000000000033
:10357000B0B540F29815C2F200052B68984218BF0A
:10358000B0BD05F1500405F128024021184623463C
:10359000FFF7B2FAA86A1138062807D804A151F833
:1035A00020002146BDE8B04007F072B8B0BD00BFB2
:1035B0001C09002088090020F4090020600A00206E
:1035C000CC0A0020380B0020A40B002000000000D3
:1035D000704700000000000090F8981001290DD1FC
:1035E000022180F8981001688A6922F001028A613C
:1035F0000021C0F89C100020704700BFD0F89C103C
:1036000041F00401C0F89C10012070470000000048
:1036100090F89810022927D1016851F8182F42F02C
:1036200001020A600A68D20704BF0A685FEAC27230
:1036300022D00A6822F010020A600A68120707D531
:103640000A68120744BF0A685FEA027200F1D2807A
:103650000A6842F002020A600021C0F894100122B8
:1036600080F8982008467047D0F89C1041F0080177
:10367000C0F89C10012070470A68D20704BF0A688E
:103680005FEAC272D5D10A68D20704BF0A685FEA4E
:10369000C272CED10A68D20704BF0A685FEAC2725A
:1036A000C7D10A68D20704BF0A685FEAC272C0D1F4
:1036B0000A68D20704BF0A685FEAC272B9D10A6811
:1036C000D20704BF0A685FEAC272B2D10A68D207A1
:1036D00004BF0A685FEAC272ABD10A68D20704BFAE
:1036E0000A685FEAC272A4D10A68D20704BF0A68F6
:1036F0005FEAC2729DD10A68D20704BF0A685FEA16
:10370000C27296D10A68D20704BF0A685FEAC27221
:103710008FD10A68D20704BF0A685FEAC2727FF4D9
:1037200088AF0A68D20704BF0A685FEAC2727FF4F2
:1037300080AF0A68D20704BF0A685FEAC2727FF4EA
:1037400078AF0A68D20704BF0A685FEAC2727FF4E2
:1037500070AF0A68D20704BF0A685FEAC2727FF4DA
:1037600068AF0A68D20704BF0A685FEAC2727FF4D2
:1037700060AF0A68D20704BF0A685FEAC2727FF4CA
:1037800058AF0A68D20704BF0A685FEAC2727FF4C2
:1037900050AF0A68D20704BF0A685FEAC2727FF4BA
:1037A00048AF0A68D20704BF0A685FEAC2727FF4B2
:1037B00040AF0A68D20704BF0A685FEAC2727FF4AA
:1037C00038AF0A68D20704BF0A685FEAC2727FF4A2
:1037D00030AF0A68D20704BF0A685FEAC2727FF49A
:1037E00028AF0A68D20704BF0A685FEAC2727FF492
:1037F00020AFC3E00A68120744BF0A685FEA02729A
:103800007FF526AF0A68120744BF0A685FEA0272B2
:103810007FF51EAF0A68120744BF0A685FEA0272AA
:103820007FF516AF0A68120744BF0A685FEA0272A2
:103830007FF50EAF0A68120744BF0A685FEA02729A
:103840007FF506AF0A68120744BF0A685FEA027292
:103850007FF5FEAE0A68120744BF0A685FEA02728B
:103860007FF5F6AE0A68120744BF0A685FEA027283
:103870007FF5EEAE0A68120744BF0A685FEA02727B
:103880007FF5E6AE0A68120744BF0A685FEA027273
:103890007FF5DEAE0A68120744BF0A685FEA02726B
:1038A0007FF5D6AE0A68120744BF0A685FEA027263
:1038B0007FF5CEAE0A68120744BF0A685FEA02725B
:1038C0007FF5C6AE0A68120744BF0A685FEA027253
:1038D0007FF5BEAE0A68120744BF0A685FEA02724B
:1038E0007FF5B6AE0A68120744BF0A685FEA027243
:1038F0007FF5AEAE0A68120744BF0A685FEA02723B
:103900007FF5A6AE0A68120744BF0A685FEA027232
:103910007FF59EAE0A68120744BF0A685FEA02722A
:103920007FF596AE0A68120744BF0A685FEA027222
:103930007FF58EAE0A68120744BF0A685FEA02721A
:103940007FF586AE0A68120744BF0A685FEA027212
:103950007FF57EAE0A68120744BF0A685FEA02720A
:103960007FF576AE0A68120744BF0A685FEA027202
:103970007FF56EAE0A6812077FF56AAED0F89C102C
:1039800041F00101C0F89C10032180F8981001203B
:1039900070470000000000007047000000000000B9
:1039A00070470000000000007047000000000000A9
:1039B0007047000000000000704700000000000099
:1039C0007047000000000000704700000000000089
:1039D0007047000000000000704700000000000079
:1039E0007047000000000000002908BF70472DE963
:1039F000F04F81B000F1264242F2004302F1FF7223
:103A0000C5F602030A2598424FEAB22440F2040E9A
:103A100008BF0925082CC5F6000E38BF4FEAB225AD
:103A200000F1200C002200270024009529E000BFAF
:103A30000323066803FA02FA6FF0030303EA540350
:103A400046EA0A06066007F01C060F2505FA06F985
:103A50005CF8036026EA09064CF80360C36823EAB1
:103A60000A03C360436823EA08034360836823EAC8
:103A70000A0383600134043731FA04F302F10202CD
:103A80003CD0012303FA04F818EA0109F2D040F20D
:103A9000084324F00305C5F6000307F00C0BED58AE
:103AA0000F2303FA0BFA009B05EA0A0503FA0BF64B
:103AB000B542BDD1DEF87C504FF0B04325EA090590
:103AC000CEF87C50DEF8805025EA0905CEF880500B
:103AD000DEF8005025EA0905CEF800501E68A5085A
:103AE00026EA09061E6040F20843C5F6000353F8B3
:103AF000256026EA0A0643F8256099E701B0BDE88B
:103B0000F04F7047000000002DE9F04F85B00F68BE
:103B10000390002F00F0E680039842F2004600F187
:103B200026428C4602F1FF72C5F602060A21B04217
:103B30004FEAB22600F1200008BF09210090082EAC
:103B400038BF4FEAB221002400264FF0000801914F
:103B5000CDF808C00CE000BF08F10108DCF80070E7
:103B600037FA08F106F1020604F1040400F0BA8005
:103B7000012000FA08F217EA0209EDD0DCF804A0EF
:103B800003200AF0030B00FA06F5ABF10107012F41
:103B900012D803988768DCE902C3AF43B3403B43C4
:103BA0008360CAF30017436823EA020207FA08F3A6
:103BB0001A43426008E000BFDCF808C0BBF1030F05
:103BC00008BFBCF1010F2DD003994FEA480EE8431E
:103BD0000CFA06F3CA68BBF1020F22EA050242EAB8
:103BE0000302CA601AD183466FF0030000EA58024C
:103BF000009804F01C050F2150F802C001FA05FAE4
:103C000002992CEA0A078C460B69AB403B43835070
:103C1000D1F804A058460AF0030B0BE0DDF808C009
:103C200008E000BF4FF0030BB6460BFA06F2DDF8D2
:103C300008C0D043039B1AF4403F1A6802EA00010F
:103C40000BFA0EF241EA020119603FF485AF44F22B
:103C5000F44040F20845C5F60200C5F600050168CB
:103C600041F00201016001680F2001F0020104919E
:103C700028F00301049A04F00C024B5900FA02F7F1
:103C80000198BB4300FA02F24FF0B0401A434A5188
:103C90000168DCF8042041EA0903D70258BF21EA91
:103CA00009039702036040F20400C5F600000168B2
:103CB00041EA090358BF21EA090397030360D0F8DA
:103CC000801041EA090358BF21EA0903D203C0F872
:103CD0008030C16F41EA090358BF21EA0903C36775
:103CE0003AE700BF05B0BDE8F08F0000000000001B
:103CF00044F66450C2F20000006870470000000003
:103D000040F2000044F66451C2F20000C2F2000129
:103D100000780A6810440860704700000000000046
:103D200080B5032000F048F902F08AF844F2184107
:103D30004DF29043C5F60201C0F600030A68C2F3D3
:103D400003229A5C096801F00F0102F01F02595C1E
:103D5000D04040F20C02C2F2000201F01F0120FA32
:103D600001F1116040F20801C2F2000108600F2069
:103D700000F00AF800281CBF012080BD00F0A8F860
:103D8000002080BD000000000F2847D8B0B58AB0E1
:103D90000446362000222146002500F0DDF83620BA
:103DA00000F0C6F840F20400C2F20000046044F2E1
:103DB000E840C5F60200016841F0100101600068AA
:103DC00001A900F010000290029802A801F084FFFF
:103DD000079C002C18BF012401F0D2FF4DF683612F
:103DE000A040C4F21B3141F20002A0FB010140F6E9
:103DF0003C00C2F200004FF0FF33C4F20002026048
:103E000003EB9141C0E9011540F2E731C0E9031528
:103E100002F04AFB20B101200AB0B0BD012070477A
:103E200040F63C00C2F2000002F072FB0AB0B0BDE6
:103E300010B54EF6A05E4378CEF2000E90F800C0AA
:103E40004EF8083CDEF8003023F00103CEF80030D5
:103E500043684EF8043C037BC27A817A447B1206A5
:103E600042EA0372837B42EAC141C27B41EA844158
:103E7000447A41EA4341007A41EA024141EA04219D
:103E800041EA400040EA0C00CEF8000010BD0000FE
:103E90004EF62450CEF20000BFF35F8F016821F48C
:103EA00080310160002101677047000000000000C0
:103EB0004EF6245140F00100CEF200010867086878
:103EC00040F480300860BFF34F8FBFF36F8F7047AF
:103ED00081B044F2F4400022C5F60200016841F0CE
:103EE0000201016000680F2100F0020000906FF0F5
:103EF0000100009B01B000F02FB80000000000009E
:103F0000002848BF70474EF2801300F01F01C0F335
:103F10004A10CEF20003012202FA01F143F8201008
:103F2000BFF34F8FBFF36F8F70470000000000009A
:103F3000002848BF704700F01F01012202FA01F17A
:103F40004EF20012C0F34A10CEF2000242F82010E6
:103F5000704700000000000070B54EF60C5C4FF09A
:103F6000FF36CEF2000C00F1604505F56445DCF843
:103F70000030C3F3022E8EF00703042B28BF042366
:103F8000BEF1030406FA03F321EA030100F00F0374
:103F900038BF0024043B0028634406FA04F048BFFD
:103FA00003F10C05A14022EA00000843000128703B
:103FB00070BD0000000000004EF60C514FF6FF03EC
:103FC000CEF200010A681A4060F30A2242F08060D3
:103FD00040F0FD700860704706F0C2FC0000000071
:103FE0007047000000000000D0F8E00404F0B0BF0B
:103FF00001EBC10200EB8202D0F8E004126A04F087
:104000000BBF00000000000001EBC10200EB8202C8
:10401000D0F8E004D2F8602204F05ABF000000009B
:10402000D0F8E00404F098BFB0B5027901F00F03B6
:10403000934201D90120B0BD4AB24FF41574002A51
:1040400003EBC30E48BF1424C909021990F8944425
:1040500002EB8E0C012C4FF000048CF801108CF850
:10406000024002F82E3001D10220B0BD012180F8BB
:104070009414016805460846614605F005FC204693
:1040800085F89444B0BD000010B54FFA81FE01F0F0
:104090000F0C6FF3DF22BEF1000F0CEBCC0123D429
:1040A00000EB810E00218EF855120EF515718EF879
:1040B00054C2CEF85C228EF85832022B01D1002275
:1040C0004A7190F89424012A02D1022010BD00BF49
:1040D000012280F8942402680446104605F050FB43
:1040E000002084F8940410BD00EB81014FF0010E14
:1040F00001F814CF81F801E08A600B71A1F81AC0B1
:10410000022BDCD0DDE7000080B501F00F0C0CEBDA
:10411000CC0100EB810E0021CEE998238379CEF803
:1041200068128EF855120EF51571012B8EF854C2D7
:1041300008BFCA6100681A4605F0F2FB002080BD86
:10414000B0B5027901F00F0494424FF001022BD870
:104150004BB24FEAD11C002B4FF4157548BF2146D6
:1041600048BF142590F894E401EBC1030544BEF167
:10417000010F05EB830105F8234081F801C08A7027
:1041800002D10220B0BD00BF80F89424054600682B
:1041900005F0A6FB2CB9A979286805F29C4205F028
:1041A00043FB002285F894241046B0BD00000000B7
:1041B00080B501F00F0C90F806E00CEBCC01BEF1DD
:1041C000010F00EB810101F814CF4FF0000C0B61DF
:1041D0004FF00103CA60C1F814C04B7008BFCA6138
:1041E0000068724605F09CFB002080BD00000000C6
:1041F0002DE9F04F87B005688246284605F040FE5D
:1042000010B107B0BDE8F08FDAF8000005F068FEE5
:104210000028F6D0D5F80808C0F30D20CAF8D40459
:10422000DAF8000005F05CFE8007DAF8000003D53C
:10423000416901F00201416105F50061059105F058
:104240004FFEC006DAF80000069535D5816921F0E9
:10425000100181612C6A04F00F0000EBC001C4F36F
:1042600043400AEB8101062801F5157512D002289A
:104270001BD147F6F07014EA000616D03409E9683D
:104280000698224605F030FEE86800EB1610E8605C
:1042900008E000BF0AF29C410822069805F024FEBF
:1042A000C4F30A14686920446861DAF8000081697F
:1042B00041F010018161069D05F012FE000340F1FE
:1042C000F980DAF8000005F0E7FD002800F0F28040
:1042D00006464FF4306800244FF0000B0AF29C4071
:1042E000049008E00BF1010B760808F1200804F1B6
:1042F000240400F0DF80F007F4D05FFA8BF9DAF8DD
:104300000000494605F0E4FD0746C00761D005EB13
:10431000080001218160DAF8000008EB0001036C5D
:104320008A689AF80650012D26D1150734D49506CF
:1043300000F1B88043F20B05C4F65475AB42069DFC
:1043400002D312F4004231D10AEB0402D2F87432E3
:1043500009696FF3DF41A3EB0101C2F86812A4BB46
:10436000D2F86432002B00F0A380D2F86002084437
:10437000C2F8600229E000BF43F20B05C4F6547591
:10438000FF35AB4218D11004069D0FD490061CD502
:104390002020886019E000BF43F20B00069DC4F6A0
:1043A0005470834215D312F4004012D04FF40040F1
:1043B000886038070FD43DE0069D34B9DAF86412FE
:1043C00019B90021049A05F02FFA50464946FFF723
:1043D0001BFE38072ED505EB08000821816043F24B
:1043E0000B01DAF80000C4F65471056C40448D42AC
:1043F00081680BD311F4004108D04FF40041816073
:10440000504600F075FC069D0AE000BF504600F0E3
:104410006FFC43F20B00C4F654708542069D09D32D
:104420009AF80600012805D1DAF800000121049A63
:1044300005F0FAF9F80607D4B8070BD4B80624D467
:10444000B8047FF54FAF27E005EB0800102181602D
:10445000B807F3D56869000604D50599486840F4A3
:10446000806048600AEB040090F85712012906D1D9
:10447000002180F857125046494600F001FC05EB38
:10448000080002218160B806DAD505EB080020217A
:104490008160B8047FF526AF05EB08004FF40051AA
:1044A00081601FE720208860069D380793D4C1E70C
:1044B000012187E7DAF8000005F012FD400340F122
:1044C000E180DAF8000005F0DFFC002800F0DA8077
:1044D0000646069800F5106900250AF114000490BC
:1044E0000AF29C400290CDF80C9004E0760805F1A9
:1044F000010500F0C780F007F8D0EFB2DAF800004D
:10450000394605F0D1FC0446C0070BD1200735D44D
:10451000E00639D460063DD4A00741D42006E5D595
:1045200058E000BF059B05F00F004FF0010C09EBB0
:1045300045120CFA00F0596B21EA00005863C2F8EA
:1045400008C09AF80600012812D105EBC5000499AD
:1045500001EB8000D0E902121144C16045B9006945
:1045600030B9DAF800000121029A05F05DF900BFC8
:1045700050463946FFF73CFD2007C9D509EB4510E9
:1045800008218160E006C5D509EB45101021816046
:104590006006C1D509EB451040218160A007BDD55B
:1045A0000698294605F0FCFB05EBC500049901EBD4
:1045B000800010F8031F012905D100210170504629
:1045C000394600F059FB09EB4510022181602006B5
:1045D0007FF58CAF05EBC500049901EB8008D8E9A5
:1045E00004108142FFF482AFDAF800400A1AD8F8CA
:1045F00008309A4238BF134604EB451203F1030C0E
:10460000D2F818399BB2B3EB9C0F2BD302F510698B
:10461000D8F81010814223D9081A9AF80620D8E950
:1046200002B1584538BF8346009220461FFA8BF3EB
:104630003A4605F051FDD8F80C00D8F8141058444B
:10464000C8F80C0001EB0B00C8F814000BF10301D3
:10465000D9F8182092B2B2EB910FD9D2D8F8101035
:10466000DDF80C9081423FF641AF05F00F000121CB
:1046700001FA00F0D4F8341821EA0000C4F8340834
:1046800034E700BFDAF8000005F02AFC00280DD45A
:10469000DAF80000069D05F023FC000526D4DAF8C0
:1046A000000005F01DFC000131D43CE0059948688C
:1046B00020F0010048609AF8CC04012808D10020BD
:1046C0008AF8CC0400215046FFF78AFC03E000BFC3
:1046D000504600F0F1FADAF80000069D416901F059
:1046E0000041416105F0FCFB0005D8D505988068C4
:1046F000C00702D0504600F003FBDAF80000416921
:1047000001F40061416105F0EBFB00010BD5DAF823
:104710000000416901F0006141619AF8CC1499B13F
:10472000504600F0EDFADAF8000005F0D9FBC004BD
:104730001BD4DAF8000005F0D3FB8004DAF800009F
:1047400000F10E8127E100BF01218AF8CC14406DF1
:10475000C0F38300CAF8D0045046FFF741FCDAF8F2
:10476000000005F0BDFBC004E3D50599486820F0C2
:1047700001004860DAF80000102105F011FB9AF8FA
:104780000400010600F0BB80C1B200F00300042960
:1047900002D2002167E000BF6FF06002002302EA4E
:1047A00041124FF67F370021EE1880339A4201F113
:1047B0000401C6F80879D6F8005925F40015C6F8A2
:1047C0000059C6F8087BD6F8005B25F40015C6F83A
:1047D000005BD6F8005B45F00065C6F8005BC6F8E4
:1047E0002879D6F8205925F40015C6F82059C6F8BE
:1047F000287BD6F8205B25F40015C6F8205BD6F898
:10480000205B45F00065C6F8205BC6F84879D6F80D
:10481000405925F40015C6F84059C6F8487BD6F82B
:10482000405B25F40015C6F8405BD6F8405B45F0C8
:104830000065C6F8405BC6F86879D6F8605925F47B
:104840000015C6F86059C6F8687BD6F8605B25F499
:104850000015C6F8605BD6F8605B45F00065C6F8E9
:10486000605B069DA0D1002849D005F5106305F5D1
:10487000306203EB41164FF67F374D010128B760D8
:1048800002EB41145E5926F400165E51A76056599A
:1048900026F400165651565946F000665651069DAC
:1048A0002DD04E1C02284FEA461403EB461502EBAE
:1048B0004616AF601D5925F400151D51069DB760C1
:1048C000175927F400171751175947F00060105176
:1048D00015D0881C4FF67F36470103EB401102EBE1
:1048E00040108E60D95921F40011D9518660D059F9
:1048F00020F40010D051D05940F00060D051059FF5
:1049000084214422F86940F00110F8619AF80F0000
:1049100000284FF00B0008BF142104BF42F22B0007
:1049200010227B5818437850B85840F00B00B8500C
:1049300038680AF29C4220F4FE6038609AF806104B
:10494000DAF8000004F070FFDAF80000416901F4C1
:104950008051416105F0C4FA8004DAF800001AD5EC
:1049600004F052FFDAF8000005F07AFA8AF807003E
:10497000DAF8004001F0DCF99AF8072001462046F9
:1049800005F01EFB504600F07FF9DAF8000041699F
:1049900001F40051416105F0A3FA000706D4DAF8EA
:1049A000000005F09DFA00060ED4BCE0504600F071
:1049B00087F9DAF80000416901F00801416105F06A
:1049C0008FFA000640F1AF80A86920F08000A8614E
:1049D0009AF80400C1B20229C0F0A5804FF0FF315F
:1049E0006FF0010252FA80F251FA80F1032A01F0CD
:1049F000030001D201215BE00AF27B2721F00301D1
:104A000005F5386300223E4605E000BF04328033DE
:104A1000914237464AD016F8905B012D0CD097F89A
:104A20002450012D18D097F84850012D24D097F824
:104A30006C70012FEAD12FE053F8605C45F00065FF
:104A400043F8605C53F8605C45F0804543F8605C77
:104A500097F82450012DE6D153F8405C45F00065ED
:104A600043F8405C53F8405C45F0804543F8405CB7
:104A700097F84850012DDAD153F8205C45F00065D5
:104A800043F8205C53F8205C45F0804543F8205CF7
:104A900097F86C70012FB9D11F6847F000671F604D
:104AA0001F6847F080471F60B0E700BF511C069D9C
:104AB000C8B301EBC1020AF5157303EB8202D27889
:104AC000012A05F5306208D14F01D65946F000663B
:104AD000D651D65946F08046D651012823D04F1CD6
:104AE00007EBC70603EB8606F678012E08D17F0197
:104AF000D65946F00066D651D65946F08046D65172
:104B0000022810D0881C00EBC00103EB8101C9789A
:104B1000012908D14001115841F00061115011588C
:104B200041F080411150DAF8000005F0D9F9C002D7
:104B30004CD4DAF8000005F0D3F9800240F17E8011
:104B40009AF80410022928D305F5326001390AF5D4
:104B50001F72012306E000BF013900F1200002F1BD
:104B600024021AD007681678012EF5D1B7F1FF3F5D
:104B7000F2DCDAF8D46486EA1747FF07ECD102F8D2
:104B8000013CAF6947F08007AF616F693F06E3D42E
:104B90000599486840F400704860DAF800004169FF
:104BA00001F40011416105F09BF940004CD55046DD
:104BB000FFF71AFADAF80000416901F0804141611B
:104BC00005F08EF940077FF51CAB44E09AF804002D
:104BD000022827D306990AF1140401F512650AF197
:104BE0003B064FF00108012706E000BF01372035E2
:104BF000874206F1240615D229687278012AF5D178
:104C0000B1F1FF3FF2DC07F00F0086F8008000EB07
:104C1000C00004EB8001DAF8000004F0A5FF9AF868
:104C20000400E3E7DAF80000416901F48011416112
:104C3000069D05F055F980023FF582AFDAF80000D5
:104C400005F04EF94000B2D4DAF8000005F048F95A
:104C500040077FF5D6AADAF800004468610704D55A
:104C60005046FFF7DDF9DAF8000041682143416062
:104C700007B0BDE8F08F0000D0F8E00404F094B96C
:104C8000D0F8E00404F0A8B910B50446C07928B102
:104C9000022801D0FBF774FF012100E00021D4F8C5
:104CA000E00404F029FAD4F8E004BDE8104004F070
:104CB000D3B9000000000000D0F8E00404F000BA0E
:104CC000D0F8E00404F008BA90F89424012A01D145
:104CD0000220704710B5012280F8942441740446E4
:104CE0000268104605F058F9002084F8940410BDBD
:104CF000D0F8E02400F29C41104604F015BA000000
:104D000010B50446D0F8E00404F056FA2068D0F854
:104D1000001E41F00101C0F8001EE07A002808BF23
:104D200010BD4EF61050CEF20000016841F00601B1
:104D3000016010BD00000000B0B544F60C05C5F6DA
:104D4000020529684907296806D401F00701081AF5
:104D500018BF0120B0BD00BF21F007010843286043
:104D6000FEF7C6FF044600BF55F8080C800407D4C0
:104D7000FEF7BEFF001BB0F57A7FF5D90120B0BD6C
:104D80000020B0BD0000000080B500F0D1FF44F26B
:104D900020414DF29042C5F60201C0F600020968BA
:104DA000C1F30211515C01F01F01C84080BD000039
:104DB00080B544F2384EC5F6020E5EF8103C5EF83F
:104DC000101C5EF80C2CC1F3053CDEF80410BCF19D
:104DD000000F19D0C9089FED3C1AD20601EAE27112
:104DE00003F003026FF35F3100EE101AB8EE400AD1
:104DF000DFE802F0022210225EF8381C89060DD48A
:104E00009FED331A18E000BF00218160C0E9001156
:104E100080BD00BF9FED2D1A0EE000BF5EF8381C6C
:104E200049F20002C0F2D032C1F3C10122FA01F10D
:104E300001EE101AB8EE411ADEF800109FED253A87
:104E40006FF35F2102EE101ADEF80010C1F3462165
:104E5000B8EE422A013100EE032A00EE10CAB7EE86
:104E6000003AB8EE400A81EE000A32EE031A20EE54
:104E7000010A01EE101AB8EE411A80EE011ABCEEDA
:104E8000C11A80ED001ADEF80010C1F306410131AD
:104E900001EE101AB8EE411A80EE011ABCEEC11AEA
:104EA00080ED011ADEF80010C1F30661013101EE58
:104EB000101AB8EE411A80EE010ABCEEC00A10EEDC
:104EC000101A816080BD00BF0024744A001BB74BDC
:104ED0000024744C0000003980B544F2404EC5F601
:104EE000020E5EF8183C5EF8181C5EF8142CC1F334
:104EF000055CDEF80410BCF1000F19D0C9089FED65
:104F00003C1AD20501EAE27103F003026FF35F314C
:104F100000EE101AB8EE400ADFE802F0022210227A
:104F20005EF8401C89060DD49FED331A18E000BFCF
:104F300000218160C0E9001180BD00BF9FED2D1AE6
:104F40000EE000BF5EF8401C49F20002C0F2D03211
:104F5000C1F3C10122FA01F101EE101AB8EE411AB3
:104F6000DEF800109FED253A6FF35F2102EE101A74
:104F7000DEF80010C1F34621B8EE422A013100EEFE
:104F8000032A00EE10CAB7EE003AB8EE400A81EEEE
:104F9000000A32EE031A20EE010A01EE101AB8EEF2
:104FA000411A80EE011ABCEEC11A80ED001ADEF83B
:104FB0000010C1F30641013101EE101AB8EE411A9A
:104FC00080EE011ABCEEC11A80ED011ADEF8001065
:104FD000C1F30661013101EE101AB8EE411A80EEFC
:104FE000010ABCEEC00A10EE101A816080BD00BF3D
:104FF0000024744A001BB74B0024744C0000003995
:105000002DE9F0470446C07844F22C480007C5F665
:10501000020828D5606E4FEA305103292AD8DFE80C
:1050200001F0030B131B00BFD8F8001041F400314E
:10503000C8F8001010E000BF04F10800022102F0DF
:1050400003FB064680B906E004F12800022102F0C5
:105050008FFB064640B9606ED8F8241021F4401149
:105060000843C8F8240000266078C00706D13546FA
:105070002FE000BF01266078C007F8D0A06D04289B
:105080003ED83546DFE800F004140E0B0B0000BFDD
:10509000D8F80000354640F40030C8F800002F462C
:1050A000C5B90DE004F12800002102F061FB04E025
:1050B00004F10800002102F0C7FA05462F464DB959
:1050C000D8F82400A16D20F0070000250843C8F897
:1050D00024003746607840073AD5D4F8A4004FEA58
:1050E0007050052818D8DFE800F0031D1123232392
:1050F000D8F8000040F40030C8F8000018E000BF05
:105100000125012760784007E7D421E004F1280059
:10511000002102F02DFB0AE001250126607800073E
:105120001AD44FE004F10800002102F08DFA054680
:105130002E461DB1607800070ED443E0D8F82C004D
:10514000D4F8A41020F4600000250843C8F82C000F
:105150003E466078000735D5D4F8A8004FEA3060A5
:10516000052813D8DFE800F004180C1E1E1E00BF2F
:10517000D8F8000040F40030C8F8000012E000BF8A
:1051800004F12800002102F0F3FA0AE001250127CA
:10519000E07880071AD434E004F10800002102F01E
:1051A00053FA05462F461DB1E07880070ED428E05B
:1051B000D8F82C00D4F8A81020F0E06000250843AF
:1051C000C8F82C003746E07880071AD5E06C4FEA23
:1051D0003010032838D8DFE800F009032D0900BF9C
:1051E000D8F8000040F40030C8F800002E464DB951
:1051F000D8F82000E16C20F0300000250843C8F802
:1052000020003E466078C00639D5E06D4FEA303068
:10521000042847D8DFE800F004221C0A0A0000BF77
:10522000D8F8000040F40030C8F800002F463DBB1D
:105230001CE000BF04F10800022102F005FA054657
:10524000002D2E46DED1D3E701250126DAE700BF87
:1052500004F12800002102F08BFA04E004F10800B8
:10526000002102F0F1F905462F464DB9D8F8240087
:10527000E16D20F4E04000250843C8F824003746DB
:105280006078800635D5206E4FEA3040052815D865
:10529000DFE800F0041A0E04040400BF2E46DDB956
:1052A0001EE000BF0125012760788006EBD420E0D6
:1052B00004F12800012102F05BFA0AE00125012631
:1052C0006078400619D449E004F10800012102F099
:1052D000BBF905462E461DB1607840060DD43DE071
:1052E000D8F82400216E20F4E02000250843C8F8F7
:1052F00024003E466078400630D5D4F8AC004FEA32
:10530000307005280ED8DFE800F00313070303030D
:105310002F46ADB918E000BF04F12800012102F0CA
:1053200027FA0AE001250127607800061AD43CE03C
:1053300004F10800012102F087F905462F461DB14E
:10534000607800060ED430E0D8F82C00D4F8AC1009
:1053500020F0E04000250843C8F82C00374660786C
:10536000000622D5E06E58B1B0F1005F0CD0B0F16C
:10537000805F37D1D8F8000040F40030C8F8000052
:105380002E469DB908E000BF04F10800012102F09B
:105390005BF905462E464DB9D8F82400E16E20F0A1
:1053A000405000250843C8F824003E46E078C00776
:1053B0001DD0A06C032855D8DFE800F008024A0889
:1053C000D8F8000040F40030C8F80000A9467DB9C4
:1053D000D8F82000A16C20F0030000250843C8F88D
:1053E000200004E001250126E078C007E1D1B146A4
:1053F000A078400602D44F4618E000BFD8F8D40386
:1054000040F48070C8F8D403FEF772FC064600BF73
:10541000D8F8D403C00507D4FEF76AFC801B6428C3
:10542000F6D90325032701E02F46FDB12078C007F8
:1054300000F06F80A06F4FEAF00005284ED8DFE83B
:1054400000F0035347030303002D2E4654D157E0C9
:1054500004F10800022102F0F7F80546002DA946E4
:10546000C6D1B5E701254FF00109C1E7D8F84410CE
:10547000D4F8B000414011F4407F11D0D8F8441066
:10548000D8F8442042F48032C8F84420D8F84420A8
:1054900021F4407122F48032C8F84420C8F8441046
:1054A000B0F5807F40F0D082FEF722FC064641F244
:1054B000883A0325032700BFD8F84400800700F18D
:1054C000C182FEF715FC801B5045F5D9AEE700BF41
:1054D00004F12800012102F04BF90AE00125012620
:1054E0002078800719D446E004F10800012102F079
:1054F000ABF805462E461DB1207880070DD43AE062
:10550000D8F82800A16F20F0380000250843C8F81B
:1055100028003E46207880072DD5606F05280FD8DB
:10552000DFE800F004140804040400BF2F46ADB9FE
:1055300018E000BF04F12800012102F019F90AE087
:10554000012501272078400719D447E004F108001D
:10555000012102F079F805462F461DB12078400759
:105560000DD43BE0D8F82800616F20F0070000253B
:105570000843C8F828003746207840072ED5D4F8CD
:10558000900005280ED8DFE800F00313070303039B
:105590002E46ADB918E000BF04F12800012102F049
:1055A000E7F80AE001250126207880061AD44BE0AE
:1055B00004F10800012102F047F805462E461DB10E
:1055C000207880060ED43FE0D8F82C00D4F8901054
:1055D00020F0070000250843C8F82C003E4620783C
:1055E000800631D5D4F88C004FEA307005280FD8EA
:1055F000DFE800F004140804040400BF2F46ADB92E
:1056000018E000BF04F12800022102F0B1F80AE01E
:1056100001250127207840061AD44BE004F1080048
:10562000002102F011F805462F461DB120784006F2
:105630000ED43FE0D8F82800D4F88C1020F0E040D9
:1056400000250843C8F8280037462078400631D5A1
:10565000D4F898004FEAB02005280FD8DFE800F012
:1056600004140804040400BF2E46ADB918E000BFBE
:1056700004F12800022102F07BF80AE0012501264E
:10568000207800061AD44EE004F10800002101F051
:10569000DBFF05462E461DB1207800060ED442E001
:1056A000D8F82C00D4F8981020F4E05000250843D6
:1056B000C8F82C003E462078000634D5D4F89C006B
:1056C0004FEA7030052815D8DFE800F0041A0E0400
:1056D000040400BF2F46E5B12068010727D4C106A6
:1056E0003ED4000355D477E004F12800022102F0F3
:1056F0003FF80AE00125012720680107EFD516E0F1
:1057000004F10800002101F09FFF0546002D2F46FF
:10571000E2D1D8F82C00D4F89C1020F46040002589
:105720000843C8F82C00374620680107D7D5D4F8BD
:105730008000B0F5805F09D104F12800022102F059
:1057400017F8002818BF0127D4F88000D8F82810CF
:1057500021F440510843C8F828002068C106C0D58C
:10576000D4F89400B0F5807F09D104F1280002211B
:1057700001F0FEFF002818BF0127D4F89400D8F8E4
:105780002C1021F440710843C8F82C002068000355
:1057900022D5D4F8A000B0F5003F11D0B0F5803F7D
:1057A00008D0002844D104F10800002101F04CFF8A
:1057B00005E000BF04F12800022101F0D9FF0546F1
:1057C0002E4655B9D8F82C00D4F8A01020F440305B
:1057D00000250843C8F82C003E46A07840072CD589
:1057E000D4F88400B0F5401F0BD0B0F5001F0BD0EB
:1057F000B0F5801F2AD1D8F8000040F40030C8F876
:1058000000002F46D5B907E004F12800012101F07E
:10581000AFFF05462F468DB9D8F82800D4F884107C
:1058200020F4401000250843C8F8280005E000BF18
:1058300001250126A0784007D2D43746A078C007BA
:1058400009D13E462168880015D532E0012501279F
:10585000A078C007F5D0206DB0F5803F10D018BB00
:10586000D8F8000040F40030C8F800002E4685B19A
:10587000216888001DD460688A0326D465E000BFD3
:1058800004F10800022101F0DFFE0546002D2E463E
:10589000EED1D8F82000216D20F480300025084397
:1058A000C8F82000CDE700BF012501262168880047
:1058B000E1D504F12800022101F05AFF002818BFA9
:1058C0000126D4E900108A033FD5E26F6FF001038F
:1058D00003EB3223022B0BD34FEA322343B1012BCC
:1058E00040F0AA80D8F8003043F40033C8F8003004
:1058F00025B3CA022CD48A0234D44A003CD4CA0F3D
:1059000049D1090251D4C1075AD1810763D4410753
:105910006CD4010776D4C10600F18080800607D5DB
:1059200004F12800022101F023FF002818BF0125FF
:10593000002D18BF01252846BDE8F087D8F828308B
:1059400023F440731A43C8F828203546CA02D2D53A
:10595000D8F82420236F22F000421A43C8F82420EC
:105960008A02CAD5D8F82420A36E22F080721A4386
:10597000C8F824204A00C2D558F81C2C22F4004252
:1059800048F81C2CD4F8B42058F81C3C1A4348F8AA
:105990001C2CCA0FB5D0D8F82020636D22F04052DD
:1059A0001A43C8F820200902ADD5D8F82810D4F839
:1059B000882021F440011143C8F82810C107A4D061
:1059C00004F10800002101F03FFE002818BF054641
:1059D000606881079BD504F10800012101F034FEC5
:1059E000002818BF05466068410792D504F10800F9
:1059F000022101F029FE002818BF05466068010752
:105A00007FF589AF04F12800002101F0B1FE0028E4
:105A100018BF05466068C1067FF580AF04F1280015
:105A2000012101F0A5FE002818BF05466068800628
:105A30003FF576AF7CE700BF0125CA027FF55BAF7B
:105A400086E700BFD4F8B0004FF6CF7358F81C2C8F
:105A5000C0F2FF0300F4407122F47C5203EA1013F9
:105A60006FF31F30B1F5407F08BF1A43002548F897
:105A70001C2CD8F844100843C8F84400FFF7BBBCFE
:105A80002DE9F04381B0002800F0208142F20009A6
:105A90000446C5F20029D9F8000000F00F00814249
:105AA0000DD9D9F8000020F00F000843C9F8000014
:105AB000D9F8000000F00F00884240F0078120680C
:105AC00044F218464207C5F602060AD52269336831
:105AD00003F070039A4204D9336823F070031A4329
:105AE000326002070AD56269736803F070039A4254
:105AF00004D9736823F070031A437260C2060AD592
:105B0000A269736803F4E0639A4204D9736823F4CA
:105B1000E0631A43726082060AD5E269B36803F053
:105B200070039A4204D9B36823F070031A43B26039
:105B300010F002020AD0E368376807F00F07BB4293
:105B400004D9376827F00F073B433360C3073FD0C2
:105B5000306820F47062D4E901031A4332600128EE
:105B600056F8182C0AD0032804D002280AD1920330
:105B70000BD4ABE0920108D4A8E000BFD20504D456
:105B8000A4E000BF520740F1A180884656F8081CE7
:105B900021F00701084346F8080CFEF7A9F805466E
:105BA00041F2883756F8080C616800F03800B0EB15
:105BB000C10F09D0FEF79CF8401BB842F2D9032070
:105BC00001B0BDE8F08300BF2068414600F002024A
:105BD00052B1E268336803F00F039A4204D233688B
:105BE00023F00F031A433260D9F8002002F00F02AD
:105BF00091420CD2D9F8002022F00F020A43C9F8D2
:105C00000020D9F8002002F00F028A425ED141073D
:105C10000AD52169326802F07002914204D23268DA
:105C200022F070021143316001070AD56169726880
:105C300002F07002914204D2726822F070021143A5
:105C40007160C1060AD5A169726802F4E0629142EE
:105C500004D2726822F4E0621143716080060AD5B2
:105C6000E069B16801F07001884204D2B16821F0A6
:105C700070010843B06000F0E3F831684DF29042E3
:105C8000C0F60002C1F30321515C336803F00F0337
:105C900001F01F01D25C20FA01F102F01F0040F276
:105CA0000C02C2F2000221FA00F0106040F204007F
:105CB00040F20802C2F20000C2F200020068116065
:105CC00001B0BDE8F043FEF75FB800BF012001B0AE
:105CD000BDE8F083000000003F22026044F2184259
:105CE000C5F6020252F8083C03F00703436013684C
:105CF00003F470638360136803F00F03C3601368D9
:105D000003F070030361536803F070034361536849
:105D100003F4E0638361926802F07002C26142F2B0
:105D20000000C5F20020006800F00F000860704716
:105D300080B500F085F844F218414DF29043C5F665
:105D40000201C0F600030A68C2F303229A5C0968E4
:105D500001F00F0102F01F02595C20FA02F201F07B
:105D60001F0040F20C01C2F2000122FA00F00860AC
:105D700040F20801C2F200010A6080BD000000008C
:105D800080B500F05DF844F2184C4DF29043C5F632
:105D9000020CC0F60003DCF80020C2F303229A5C78
:105DA000DCF8001001F00F0102F01F02595CD04036
:105DB00040F20C02C2F2000201F01F0120FA01F1D0
:105DC000116040F20802C2F200021060DCF8040028
:105DD000C0F30210185C00F01F0021FA00F080BD33
:105DE00080B500F02DF844F2184C4DF29043C5F602
:105DF000020CC0F60003DCF80020C2F303229A5C18
:105E0000DCF8001001F00F0102F01F02595CD040D5
:105E100040F20C02C2F2000201F01F0120FA01F16F
:105E2000116040F20802C2F200021060DCF80400C7
:105E3000C0F30220185C00F01F0021FA00F080BDC2
:105E400044F20041C5F602010869C0F3C20003280C
:105E500016D002280ED0002832D10868800649F2F8
:105E60000000C0F2D03058BF70470968C1F3C101CB
:105E7000C840704743F20060C0F26E10704700BF28
:105E80008B6A886AD1F82CC04A6BC0F30510E8B160
:105E9000C2F3CC0203F0030300EE102A9FED2A1A8E
:105EA000B8EE400A20EE010A9FED281ADFE803F061
:105EB000022110210A6892060ED49FED261A18E0DE
:105EC00040F60010C0F23D00704700BF0020704750
:105ED0009FED1F1A0DE000BF0A6849F20003C0F2EF
:105EE000D033C2F3C10223FA02F201EE102AB8EE57
:105EF000411A0A6B9FED183A6FF35F2202EE102AE7
:105F00005FEACC7203FE000A03EE100A086BB8EEDB
:105F1000422AC0F34620B8EE433A013030EE020A7E
:105F2000B7EE002A81EE031A30EE020A21EE000AD3
:105F300001EE100AB8EE411A80EE010ABCEEC00A6A
:105F400010EE100A704700BF000000390024744AA8
:105F5000001BB74B0024744C000000000000000040
:105F600070B3F0B581B00446007844F20046C00733
:105F7000C5F6020626D1207880076AD5306910F070
:105F80003801B06A42D0182908BF5FEA80703DD05E
:105F9000E0683168002800F02D8121F019010843E4
:105FA0003060FDF7A5FE0546306840074AD4FDF78E
:105FB0009FFE401B0228F7D9032001B0F0BD00BFAF
:105FC00001207047306900F03801B06A102905D00F
:105FD00018290BD100F00300022807D13068800394
:105FE000C9D560680028C6D1AAE000BF61683068E2
:105FF000002900F03981B1F5A02F00F02D81B1F515
:10600000803F40F0478140F4803049E130684007EC
:10601000E06802D5002800F09380316821F0190172
:1060200008433060FDF764FE054600BF3068400756
:1060300008D4FDF75DFE401B02284FF00300F5D9A0
:1060400001B0F0BD7068216920F0FE4040EA0160B7
:1060500070602078C0061AD5306900F03801B06A47
:10606000082907D0182940F0858000F00300012896
:1060700040F080803068C00502D5E06980285FD19B
:10608000F068216A20F07C5040EA0160F0602078DE
:1060900000073FD42078800656D42078400700F1CE
:1060A0008180656A9DB3306900F03800182840F09F
:1060B0001981012DB16A306B42D001F00302A36A4D
:1060C0009A423DD1C1F30511E26A914238D10146AD
:1060D000226B6FF35F21013A914231D1C0F3462226
:1060E000616B01398A422BD1C0F30642A16B0139A1
:1060F0008A4225D1C0F30660E16B013988421FD185
:10610000706BA16CC0F3CC00814240F0A5810020EF
:1061100001B0F0BD60690028706F59D040F00100F7
:106120007067FDF7E5FD0546706F8007B2D4FDF797
:10613000DFFD401B0228F7D9032001B0F0BD00BFEE
:10614000012001B0F0BD00BFA0690028306871D007
:1061500040F480503060FDF7CBFD05463068800488
:106160009BD4FDF7C5FD401B0228F7D9032001B0E1
:10617000F0BD00BFE0690028306800F0A18040F069
:1061800080003060FDF7B4FD054600BF3068C005F3
:106190003FF576AFFDF7ACFD401B02284FF0030042
:1061A000F4D94DE7D6F8000440F48070C6F8000436
:1061B000FDF79EFD054600BFD6F80004C0052BD4B0
:1061C000FDF796FD401B6428F6D9032001B0F0BD11
:1061D00020F001007067FDF78BFD0546706F8007AA
:1061E0007FF558AFFDF784FD401B02284FF00300F8
:1061F000F4D925E721F001003060FDF779FD05466F
:10620000306840077FF525AFFDF772FD401B02287F
:106210004FF00300F4D913E7A168306F002900F0B4
:106220008B80052900F08080012940F09D8040F09E
:1062300001009FE020F480503060FDF759FD0546D5
:10624000306880047FF529AFFDF752FD401B02281E
:106250004FF00300F4D9F3E640F48020306030685A
:1062600040F480301CE000BF20F4803030603068A3
:1062700020F480203060FDF73BFD05463068800348
:106280007FF579AEFDF734FD401B64284FF0030025
:10629000F4D9D5E620F480303060306820F48020D6
:1062A0003060FDF725FD0546306880033FF563AE9D
:1062B000FDF71EFD401B6428F6D9032001B0F0BD98
:1062C00020F080003060FDF713FD05463068C00502
:1062D0007FF5DDAEFDF70CFD401B02284FF00300FB
:1062E000F4D9ADE6306820F080703060FDF700FD35
:1062F000022D05460CD100BF306880014CD5FDF75A
:10630000F7FC401B02284FF00300F5D998E600BFC8
:10631000306880017FF5FBAEFDF7EAFC401B0228E8
:106320004FF00300F4D98BE640F004003067306F83
:1063300040F001001EE000BF20F001003067306F28
:1063400020F004003067FDF7D3FC054641F28837A2
:10635000306F80077FF5A5AEFDF7CAFC401BB84241
:106360004FF00300F4D96BE620F001003067306F86
:1063700020F004003067FDF7BBFC054641F288378A
:10638000306F80073FF58DAEFDF7B2FC401BB84281
:106390004FF00300F4D953E604F12807B06A40F245
:1063A000F33188438ECF0843591E40EA02104FF460
:1063B0007E426FF35F21B06202EB47204FF4FE0292
:1063C00080B2E36B0844A16B02EB01414FF0FE4247
:1063D00001F4FE0102EB0362084402F0FE410844AE
:1063E0003063F06A4FF6F87120F00100F062706BD4
:1063F000A26C884340EAC2007063F06A216C20F00E
:106400000C000843F062F06A616C20F0020008435F
:10641000F062F06A40F48030F062F06A40F40030DC
:10642000F062F06A40F48020F062F06A40F001000F
:10643000F062306840F080703060FDF759FC04462F
:10644000306880013FF563AEFDF752FC001B022867
:106450004FF00300F4D9F3E5F06A20F00100F06298
:10646000FDF746FC0546FDF743FCA842FBD0706BE8
:106470004FF6F871A26C884340EAC2007063F06A7C
:1064800040F00100F062002001B0F0BD000000000B
:10649000704700000000000070470000000000008E
:1064A000704700000000000060B310B5044690F88B
:1064B0003D0028B9002084F83C00204600F024F874
:1064C000022084F83D002068211D01F0CDFB012051
:1064D00084F8480084F83E0084F83F0084F84000C7
:1064E00084F8410084F8420084F8430084F84400B2
:1064F00084F8450084F8460084F8470084F83D009D
:10650000002010BD0120704770470000000000000F
:1065100090F83D10012927D1022180F83D10016833
:106520004DF6FF70C4F200008142C86840F00100DF
:10653000C8601BDC40F2FF70C4F2000081422DDD18
:1065400040F60000C4F2000081423DD040F6004019
:10655000C4F20000814237D041F60000C4F20000CE
:10656000814231D03CE000BF012070474FF6FF7000
:10657000C4F2000081421BDD0020C4F20100814210
:1065800022D044F20000C4F2010081421CD040F24B
:106590000040C4F20100814216D021E0B1F1804FE9
:1065A00012D040F20040C4F2000081420CD017E04B
:1065B0004EF20000C4F20000814205D04EF20040CD
:1065C000C4F2000081420BD107228868C0F20102A8
:1065D00002400020062A18BFB2F5803F00D1704764
:1065E000086840F0010008600020704700000000CB
:1065F0007047000000000000F0B581B0044600685C
:10660000C5680669B10717D515F0020114D06FF0FF
:1066100002010161012121778069800704D02046B1
:10662000FFF7E6FF06E000BF204600F09DF8204699
:1066300000F09EF800202077700719D515F00400AF
:1066400016D020686FF00401016102212177806972
:1066500010F4407F04D02046FFF7CAFF06E000BFD9
:10666000204600F081F8204600F082F800202077D4
:10667000300717D515F0080014D020686FF0080116
:10668000016104212177C069800703D02046FFF70C
:10669000AFFF05E0204600F067F8204600F068F8FC
:1066A00000202077F00619D515F0100016D02068CC
:1066B0006FF01001016108212177C06910F4407F5B
:1066C00004D02046FFF794FF06E000BF204600F00C
:1066D0004BF8204600F04CF800202077F00718BF58
:1066E00015F0010006D020686FF00101016120461D
:1066F00000F042F805F0800716F4025F18BF002F83
:1067000002D1F00509D410E020686FF40251016154
:106710002046FFF7C1FEF00507D537B120686FF4BA
:10672000807101612046FFF7B3FE700609D515F0B0
:10673000400006D020686FF040010161204600F063
:1067400027F8B0060CD515F0200009D020686FF0AE
:1067500020010161204601B0BDE8F040FFF7A0BE76
:1067600001B0F0BD00000000704700000000000014
:10677000704700000000000041F200010068C4F210
:106780000001884218BF7047FDF7BABA0000000048
:10679000704700000000000090F88410012901D12A
:1067A000022070472421C0F8881001680A680B682D
:1067B00022F0005223F001030B60002343660A60BD
:1067C0002021C0F8881080F8843000207047000035
:1067D000D0F88C30202B07D110B5044601200029B9
:1067E00018BF002A02D110BD02207047E0660020C9
:1067F0002067204602F058F8002818BF10BDE06E50
:1068000001282DD1206810210162206850E8000F76
:10681000216840F0100041E80002002A1FBF2068F4
:1068200050E8000F216840F010001CBF41E8000252
:10683000002A17D0206850E8000F216840F01000AF
:1068400041E8000272B1206850E8000F216840F072
:10685000100041E800020020002AD6D1C3E700BFA3
:10686000012010BD002010BD45F200020068C4F2F6
:106870000002904218BF7047B0B540F25814122978
:10688000C2F20004206A00F101002062218756D381
:106890004EF28F3004F1280348436FF01101000DD0
:1068A00000EBC00001EB400040F20001C2F20041E9
:1068B00011FA80F0417940293ED3C1F3011CBCF1AB
:1068C000000F39D0037884F80AC0427890F802E0CB
:1068D00062F30A23C578A3F580632380AB000579B2
:1068E000D20843EA9E136EF34A1265F38A23A2F597
:1068F00080626280A3F58062A2806A0861F3CA1296
:10690000437CA2F58062E2808909E172D0F806102A
:10691000E1604189027C2182017B63F30A22A17438
:10692000417BC089E174A082A2F580602081FDF7DF
:10693000DFF904F12403A061186801301860BDE894
:10694000B04000F0CDBF0000704700000000000024
:1069500090F88420012A01D10220704770B52422CA
:10696000C0F888200268D0F864E0BEF1000FD2F8C9
:1069700000C0136823F001031360936823F0606381
:1069800041EA0301916019D091684DF2645E936809
:10699000C0F6000E5B0F4DF26C55C1F34266C0F6B7
:1069A00000051EF80340E95C2301B3FBF1F11EF87A
:1069B0000630AE5D1B01B3FBF6F301E001210123BC
:1069C000A0F86A102021A0F86830C2F800C0C0F812
:1069D0008810002180F88410002070BD00000000A5
:1069E0007047000000000000704700000000000039
:1069F00010B50446206850E8000F216820F490701C
:106A000041E80002F2B1206850E8000F216820F44C
:106A1000907041E80002002A1FBF206850E8000F74
:106A2000216820F490701CBF41E80002002A09D0C0
:106A3000206850E8000F216820F4907041E80002BF
:106A4000002AD7D14FF6FE70CEF6FF70216851E8CC
:106A5000021F2268014042E80213DBB1216851E8BD
:106A6000021F2268014042E80213002B1FBF216869
:106A700051E8021F226801401CBF42E80213002BAC
:106A800008D0216851E8021F2268014042E8021341
:106A9000002BDBD1E06E012827D1206850E8000FE1
:106AA000216820F0100041E80002F2B1206850E8AF
:106AB000000F216820F0100041E80002002A1FBFEB
:106AC000206850E8000F216820F010001CBF41E84A
:106AD0000002002A09D0206850E8000F216820F049
:106AE000100041E80002002AD7D1206880684006E3
:106AF0003AD5206850E8020F216820F0400041E8B4
:106B00000202F2B1206850E8020F216820F0400034
:106B100041E80202002A1FBF206850E8020F2168E6
:106B200020F040001CBF41E80202002A09D0206882
:106B300050E8020F216820F0400041E80202002ADC
:106B4000D7D1D4F8800078B100210165FAF7A8F810
:106B500050B1D4F88000FAF793FC202804D110201B
:106B6000C4F89000032010BD20680F2101628169E4
:106B700041F0080181612020C4F88C000020E0660B
:106B800010BD00000000000045F200020168C4F2E0
:106B90000002914218BF704780B540F25812C2F20D
:106BA0000002D36A0133D362D0F89030136301221C
:106BB0000A6202220A6204220A6208220A6210227F
:106BC0000A620021C0F89010FFF712FFBDE8804074
:106BD00000F086BE0000000070B5016840F62F028C
:106BE000CB691A40202A0A688E680BD102F0200473
:106BF00006F080552D1917D0416F69B3BDE870407C
:106C0000084700BF40F60F052B420DD0012540F28A
:106C10002014C1F20005C0F2004406EA050C02EAA5
:106C2000040515EB0C0525D1DD06C46E16D5012C27
:106C300014D112F0100511D010220A628968490699
:106C400066D4B0F85C10B0F85E20B0F85E30002B6F
:106C500018BF914240F0688270BD00BFDD0215D5BB
:106C600016F4800512D04FF480120A62BDE870401D
:106C7000FFF7BABEDD0718BF12F4807540F02A8115
:106C80009D0706F0010E00F131813AE1190606D5A3
:106C900002F0800106F40006891940F0CB82590603
:106CA00040F10C8112F0400100F00881016851E8C8
:106CB000001F026821F0400142E80013F3B10168AF
:106CC00051E8001F026821F0400142E80013002B48
:106CD0001FBF016851E8001F026821F040011CBF7E
:106CE00042E80013002B09D0016851E8001F026838
:106CF00021F0400142E80013002BD7D12021C0F839
:106D0000881000218167BDE8704000F04DBB00BFD6
:106D1000D0F8802011684B68B0F85C4099B2002927
:106D200000F0C280A14280F0BF80A0F85E30D1693F
:106D3000B1F5807F00F0AC80016851E8001F026867
:106D400021F4807142E80013F3B1016851E8001F9B
:106D5000026821F4807142E80013002B1FBF016814
:106D600051E8001F026821F480711CBF42E8001343
:106D7000002B09D0016851E8001F026821F48071DE
:106D800042E80013002BD7D1016851E8021F0268C6
:106D900021F0010142E80213F3B1016851E8021F3A
:106DA000026821F0010142E80213002B1FBF0168B5
:106DB00051E8021F026821F001011CBF42E80213E2
:106DC000002B09D0016851E8021F026821F001017F
:106DD00042E80213002BD7D1016851E8021F026874
:106DE00021F0400142E80213F3B1016851E8021FAB
:106DF000026821F0400142E80213002B1FBF016826
:106E000051E8021F026821F040011CBF42E8021352
:106E1000002B09D0016851E8021F026821F04001EF
:106E200042E80213002BD7D12021C0F88C1000219A
:106E3000C166016851E8001F026821F0100142E8B4
:106E40000013F3B1016851E8001F026821F010013E
:106E500042E80013002B1FBF016851E8001F0268C1
:106E600021F010011CBF42E80013002B09D001687B
:106E700051E8001F026821F0100142E80013002BC6
:106E8000D7D1D0F8801004460846F9F709FF20460C
:106E900002210167B0F85C10B0F85E20891A89B24F
:106EA000BDE87040FFF7E0BC8C427FF4D5AED269FC
:106EB000B2F5807F7FF4D0AEB6E100BF190240F199
:106EC000C58112F0804100F0C181BDE87040FFF73C
:106ED00087BD00BF01250D62D0F8905045F0010537
:106EE000C0F890509D0706F0010E0AD5BEF1000FC4
:106EF00007D002240C62D0F8904044F00404C0F89B
:106F000090405C070AD5BEF1000F07D004250D6242
:106F1000D0F8905045F00205C0F890501D070CD5F0
:106F200002F0200555EA0C0507D008250D62D0F8BF
:106F3000905045F00805C0F890501D050BD512F093
:106F4000806508D04FF400650D62D0F8905045F090
:106F50002005C0F89050D0F89050002D3FF47CAE42
:106F60009B060BD502F0200206F08053D21805D004
:106F7000426F1AB10446904720462168D0F890200D
:106F8000896801F0400102F02802891806D1044600
:106F9000FFF7FAFD0020C4F8900070BD016851E8C9
:106FA000001F026821F4907142E80013F3B10168F8
:106FB00051E8001F026821F4907142E80013002B91
:106FC0001FBF016851E8001F026821F490711CBFC7
:106FD00042E80013002B09D0016851E8001F026845
:106FE00021F4907142E80013002BD7D14FF6FE71C7
:106FF000CEF6FF71026852E8022F03680A4043E8A8
:107000000226DEB1026852E8022F03680A4043E814
:107010000226002E1FBF026852E8022F03680A40B2
:107020001CBF43E80226002E08D0026852E8022F57
:1070300003680A4043E80226002EDBD1C16E012915
:1070400027D1016851E8001F026821F0100142E8D1
:107050000013F3B1016851E8001F026821F010012C
:1070600042E80013002B1FBF016851E8001F0268AF
:1070700021F010011CBF42E80013002B09D0016869
:1070800051E8001F026821F0100142E80013002BB4
:10709000D7D12021C0F88C100021C1660268416759
:1070A0009168490640F1CE80016851E8021F0268EC
:1070B00021F0400142E80213F3B1016851E8021FD8
:1070C000026821F0400142E80213002B1FBF016853
:1070D00051E8021F026821F040011CBF42E8021380
:1070E000002B09D0016851E8021F026821F040011D
:1070F00042E80213002BD7D1D0F88010002900F00D
:10710000A18048F2410204460846C0F600020A6522
:10711000FAF75AF800283FF49FADD4F88000016DCB
:10712000BDE87040084700BF891A026852E8002F86
:10713000036822F4907243E80026F6B1026852E830
:10714000002F036822F4907243E80026002E1FBF30
:10715000026852E8002F036822F490721CBF43E8D3
:107160000026002E09D0026852E8002F036822F49E
:10717000907243E80026002ED7D14FF6FE72CEF66D
:10718000FF72036853E8023F0668134046E8023581
:10719000DDB1036853E8023F0668134046E8023554
:1071A000002D1FBF036853E8023F066813401CBF51
:1071B00046E80235002D08D0036853E8023F066810
:1071C000134046E80235002DDBD12022C0F88C2088
:1071D0000022C2664267026852E8002F036822F06C
:1071E000100243E80026F6B1026852E8002F036857
:1071F00022F0100243E80026002E1FBF026852E86A
:10720000002F036822F010021CBF43E80026002E66
:1072100009D0026852E8002F036822F0100243E808
:107220000026002ED7D189B202220267BDE8704045
:10723000FFF71ABB816F00293FF40EADBDE8704027
:10724000084700BFBDE87040FFF79EBCD9017FF53D
:1072500003ADB2F1FF3FC8BF70BDBDE87040FFF79E
:1072600073BB00000000000010B5D8B10446D0F890
:10727000880028B9002084F88400204600F028F80F
:107280002420C4F888002068A16A0268002922F03E
:107290000101016002D0204600F0AAFD204601F065
:1072A000B3F808B1012010BD2068416821F4904175
:1072B0004160816821F02A018160016841F001018B
:1072C00001602046BDE8104000F002BE0000000052
:1072D00070B586B045F2000104460068C4F20001B2
:1072E00000268842CDE9046603960296019601D0F5
:1072F00006B070BD44F2E040C5F60200816841F47A
:1073000080118160816801F4801100910099016809
:1073100041F008010160006801A900F00800009038
:107320000098042001900220CDE902060320049079
:107330000820059040F60040C5F60200FCF7E4FB8B
:1073400040F240252820C2F20005C4F20200286065
:107350004120C5E901064FF48060EE60C5E90406EE
:107360004FF40030C5E908062846C5E90666FAF775
:107370009FFC08B1F9F704FC352005210022C4F870
:107380008050AC63FCF7E8FD3520FCF7D1FD06B07A
:1073900070BD000000000000704700000000000009
:1073A000704700000000000070470000000000006F
:1073B000FEE700000000000080B582B044F2D84033
:1073C0000022C5F60200016841F001010160006879
:1073D000052100F00100019001980C20FCF7BCFD94
:1073E0000C2002B0BDE88040FCF7A2BD0000000008
:1073F00010B540F2B8244DF20040C2F20004C4F2CD
:1074000000004FF440714FF0010C20600020C4E9EF
:10741000021040F201112182032262610A231D2120
:10742000C4E9071362620521A1620E22C4E90B219F
:10743000C4E90D0CE063062121640421C4E91110A4
:10744000C4E91310C4E91510E0652022C4E918202E
:10745000204684F812C0A361A166FBF7F1FD08B1D4
:10746000F9F78EFB206E50B9202020662046FBF7EE
:10747000B3FA2046FBF7E4FD08B1F9F781FB40F2CF
:10748000B8200021C2F20000FBF792FA002808BFE2
:1074900010BDBDE81040F9F773BB0000000000000C
:1074A00010B547F639204DF27452C0F60000C0F610
:1074B0000002002103F050FC40F278044DF2A0429B
:1074C000C2F20004C0F600020021206040F68930BC
:1074D000C0F6000003F040FC60604BF659104DF21E
:1074E0009852C0F60000C0F60002002103F034FC00
:1074F000A06010BD0000000083B044F2E040C5F67B
:107500000200016841F080010160016801F0800122
:1075100002910299016841F008010160016801F0DF
:10752000080101910199016841F0010101600068C1
:1075300000F001000090009803B0704700000000C8
:1075400080B540F6880045F20001C2F2000048F222
:10755000A062C4F20001C0F20102C0E900124FF4BF
:10756000805181600021C1604FF480620261042279
:10757000C0E90521C0E90711C0E90911FFF774FE50
:1075800008B1F9F7FDFA40F688000021C2F20000C8
:10759000FFF7DEF908B1F9F7F3FA40F68800C2F216
:1075A0000000FFF7F9F8002808BF80BDBDE8804063
:1075B000F9F7E6BA00000000FEE700000000000056
:1075C000FEE700000000000040F25830C2F2000068
:1075D000FCF70EBE000000000000000000000000EC
:1075E000EFF30980BFF36F8F154B1A681EF0100F71
:1075F00008BF20ED108A20E9F04F10602DE9090046
:107600004FF0500080F31188BFF34F8FBFF36F8F9F
:1076100004F056FF4FF0000080F31188BDE8090028
:1076200019680868B0E8F04F1EF0100F08BFB0EC02
:10763000108A80F30988BFF36F8F704700BF00BFC7
:10764000000D002000000000F0B581B044F22C478E
:10765000C5F6020757F8042C02F00302032A03D1EF
:10766000012001B0F0BD00BF054657F82C0C0C46B8
:1076700020F0806047F82C0CFCF73AFB064600BF70
:1076800057F82C0C000105D5FCF732FB801B0228B3
:10769000F6D964E057F8040CEE6895E80E0020F483
:1076A0007C30012C40EA0130A2F101016FF35F212F
:1076B0004FF47E4202EB432247F8040C92B24FF0A3
:1076C000FE4302EB01004FF4FE012A6901EB064183
:1076D00001F4FE0103EB0262084402F0FE4108449B
:1076E000F8603868696920F0C00040EA010038603D
:1076F0003868A96920F0200040EA01003860386845
:107700004FF6F87120F0100038603869EA6920EA15
:1077100001004FF4001140EAC2003861386808BF28
:107720004FF4801140F01000002C386008BF4FF477
:10773000002138680843386057F82C0C40F080600E
:1077400047F82C0CFCF7D4FA044600BF57F82C0C71
:10775000000107D4FCF7CCFA001B0328F6D3032062
:1077600001B0F0BD002001B0F0BD0000000000003D
:10777000F0B581B044F22C47C5F6020757F8042C47
:1077800002F00302032A03D1012001B0F0BD00BFC3
:10779000054657F82C0C0C4620F0805047F82C0C6E
:1077A000FCF7A6FA064600BF57F82C0C800005D55A
:1077B000FCF79EFA801B0228F6D964E057F8040C07
:1077C000EE6895E80E0020F07C70012C40EA015034
:1077D000A2F101016FF35F214FF47E4202EB4322DD
:1077E00047F8040C92B24FF0FE4302EB01004FF455
:1077F000FE012A6901EB064101F4FE0103EB02627E
:10780000084402F0FE41084478613868696920F450
:10781000406040EA010038603868A96920F40070CF
:1078200040EA0100386038684FF6F87120F4807043
:107830003860B869EA6920EA01004FF0807140EAD7
:10784000C200B861386808BF4FF4000140F480708E
:10785000002C386008BF4FF4800138680843386056
:1078600057F82C0C40F0805047F82C0CFCF740FAED
:10787000044600BF57F82C0C800007D4FCF738FAF8
:10788000001B0328F6D3032001B0F0BD002001B097
:10789000F0BD00000000000010B540F258140020B8
:1078A000C2F200042421C4E90000C4E90200C4E9D2
:1078B0000400A06140F20000C2F20040F8F779FE37
:1078C000FCF716FA40F688016538C2F20001A061A3
:1078D000102009680862BDE8104000F001B80000FF
:1078E00080B540F6880040F20001C2F20000C2F20A
:1078F00000412422FEF76CFF40F258110028C2F22A
:107900000001CA6902F10102CA61486318BF80BD63
:1079100040F2402040F20F41C2F20000C4F20201E6
:10792000006888426FF0080110DC6F22C4F2020286
:10793000904221DC3F22C4F20202904238DC102245
:10794000C4F2020290425BD0282253E040F26F4220
:10795000C4F2020290421BDC40F23F42C4F2020237
:1079600090422DDC40F21042C4F20202904247D015
:1079700040F228423EE000BF9F22C4F20202904241
:1079800028DC7022C4F20202904239D0882231E011
:1079900040F29F42C4F20202904223DC40F2704265
:1079A000C4F2020290422BD040F2884222E000BF93
:1079B0004022C4F20202904222D058221AE000BFB4
:1079C00040F24042C4F20202904219D040F25842C2
:1079D00010E000BFA022C4F20202904210D0B822F0
:1079E00008E000BF40F2A042C4F20202904207D079
:1079F00040F2B842C4F20202904218BF6FF0040194
:107A000002681140016080BD00000000000000001D
:107A1000074B19680868B0E8F04F80F30988BFF396
:107A20006F8F4FF0000080F31188704700BF00BFD8
:107A3000000D00200000000010B54EF6FC5040F292
:107A40009814CEF20000C2F20004016841F0807187
:107A5000016041F200000021CEF2000041600168A7
:107A600041F0010101600021204602F0EDFE206896
:107A7000FBF7B2FD08B1F9F783F801212068C0F2E5
:107A800080310022FAF73CFE40F27800C2F200009A
:107A90000068BDE8104003F0F7B9000000000000E6
:107AA00080B54EF21000CEF20000006805F050F9EB
:107AB000012808BF80BDBDE8804004F045BE00003D
:107AC000B0B59CB044F6180409A84C21C5F60204D0
:107AD000F8F76FFD02200025CDE90755CDE90555E2
:107AE000CDE90355CDE90155FDF726F9009520684C
:107AF00020F440402060206800F44040009000984E
:107B00002068800409D4206880045CBF20685FEA94
:107B1000804002D420688004F2D5012009904FF4FF
:107B200080310A9102212822CDE9152004201491E8
:107B3000CDE917010C20199009A80024CDE91211F4
:107B4000CDE91A44FEF70CFA10B172B6FEE700BF99
:107B50003F20019003204FF48061CDE9020408200A
:107B600004904020CDE90500CDE9071001A80321CC
:107B7000FDF786FF10B172B6FEE700BF1CB0B0BDC6
:107B80004EF6885042F2000CCEF20000C5F2002CF6
:107B9000026842F470020260DCF8000000F00F009E
:107BA000062806D8DCF80000072262F30300CCF8B0
:107BB000000044F200404EF67F51C5F60200CEF6BA
:107BC000F621026842F001020260002202610368AD
:107BD00019400160DCF80010090706D5DCF8001038
:107BE000072363F30301CCF8001040F20021826107
:107BF000C261C0F20221026281620021C0F2FF1163
:107C0000C16240F28021C0F20111016342638163CD
:107C1000C26301644264016821F48021016002664C
:107C2000D0F8D410C90448BF7047D0F8D41043F23C
:107C3000D20241F48051C0F8D41044F20001C5F2E0
:107C400000210A60D0F8D41021F48051C0F8D4107B
:107C5000704700000000000040F63C00C2F2000047
:107C6000FEF7CABC0000000010B540F6FF32D0F8A5
:107C700000E0C4F20002904210DCB0F1804F1ED050
:107C800040F20043C4F20003984218D040F60003CB
:107C9000C4F20003984212D016E000BF40F6004341
:107CA000C4F2000398420AD040F20043C4F2010338
:107CB000984204D00023C4F20103984204D12EF06C
:107CC00070024B6843EA020E4EF2FF3343F6FF7C2C
:107CD000C4F20003C4F2010C984213DD60452BDCB2
:107CE0004EF20043C4F20003984242D00023C4F293
:107CF000010398423DD040F20043C4F20103984290
:107D000037D03BE040F2FF73C4F20003984227DD16
:107D100040F60003C4F2000398422AD040F6004324
:107D2000C4F20003984224D04EF20003C4F20003D0
:107D300098421ED022E000BF44F20003C4F20103C7
:107D4000984216D044F60003C4F20103984210D0C2
:107D500044F20043C4F2010398420AD00EE000BF8F
:107D6000B0F1804F05D040F20043C4F200039842C6
:107D700004D12EF44072CB6843EA020E4B69604591
:107D80000A688C68C462826212DD44F20002C4F2A6
:107D90000102904217D044F60002C4F20102904260
:107DA00011D044F20042C4F2010290420BD00CE028
:107DB0000022C4F20102904205D040F20042C4F217
:107DC0000102904201D109690163016841F0040197
:107DD0000160012141612EF080011943016010BD55
:107DE00040F68800C2F20000FEF7F6BE0000000078
:107DF000816A0A070CD4CA0715D18A071ED44A071C
:107E000027D4CA0630D48A0639D44A0642D454E06C
:107E10000268D0F838C0536823F4004343EA0C03E7
:107E20005360CA07E9D00268D0F82CC0536823F425
:107E3000003343EA0C0353608A07E0D50268D0F8A8
:107E400030C0536823F4803343EA0C0353604A077D
:107E5000D7D50268D0F834C0536823F4802343EAAE
:107E60000C035360CA06CED50268D0F83CC09368B4
:107E700023F4805343EA0C0393608A06C5D5026855
:107E8000D0F840C0936823F4005343EA0C03936096
:107E90004A0612D50268D0F844C0BCF5801F53686A
:107EA00023F4801343EA0C03536006D1536823F490
:107EB000C00C836C43EA0C035360090658BF70473B
:107EC0000168C06C4A6822F4002210434860704781
:107ED000B0B582B004460020C4F89000FBF708FF5C
:107EE000216805460A68120737D54FF400110022B1
:107EF0006FF07E40009020462B4600F081FD58B385
:107F0000206850E8000F216820F0800041E800025E
:107F1000002A1FBF206850E8000F216820F0800071
:107F20001CBF41E80002002A12D0206850E8000F70
:107F3000216820F0800041E800024AB1206850E842
:107F4000000F216820F0800041E80002002AD7D10C
:107F50000320202188226CE02168086840075FD553
:107F60004FF4800100226FF07E40009020462B46A7
:107F700000F046FD002853D0206850E8000F21682B
:107F800020F4907041E80002F2B1206850E8000F40
:107F9000216820F4907041E80002002A1FBF206889
:107FA00050E8000F216820F490701CBF41E80002E7
:107FB000002A09D0206850E8000F216820F4907052
:107FC00041E80002002AD7D1206850E8020F21685A
:107FD00020F0010041E80202002A1FBF206850E89B
:107FE000020F216820F001001CBF41E80202002AB4
:107FF00012D0206850E8020F216820F0010041E80B
:1080000002024AB1206850E8020F216820F0010006
:1080100041E80202002AD7D1032020218C2208E067
:108020002020C4F88800C4F88C00002170220020B1
:10803000E166A150002184F8841002B0B0BD0000B8
:10804000806BFEF7A1BD0000806B0268D0F888301D
:10805000D0F88CC09168090656D5212B54D10168FF
:1080600051E8001F026821F0C00142E80013FBB193
:10807000016851E8001F026821F0C00142E80013C6
:10808000002B1FBF016851E8001F026821F0C001EA
:108090001CBF42E80013002B0AD0016851E8001F02
:1080A000026821F0C00142E80013002BD7D100BFC5
:1080B000016851E8021F026821F4000142E802133E
:1080C000F3B1016851E8021F026821F4000142E89F
:1080D0000213002B1FBF016851E8021F026821F440
:1080E00000011CBF42E80213002B09D0016851E8CF
:1080F000021F026821F4000142E80213002BD7D1CD
:108100002021C0F8881002689168490640F18980F2
:10811000BCF1220F40F08580016851E8001F026821
:1081200021F4907142E80013F3B1016851E8001F97
:10813000026821F4907142E80013002B1FBF016810
:1081400051E8001F026821F490711CBF42E800133F
:10815000002B09D0016851E8001F026821F49071DA
:1081600042E80013002BD7D14FF6FE7CCEF6FF7C01
:10817000026852E8022F036802EA0C0243E8022177
:10818000F1B1016851E8021F026801EA0C0142E8FE
:108190000213002B1FBF016851E8021F026801EAA9
:1081A0000C011CBF42E80213002B09D0016851E802
:1081B000021F026801EA0C0142E80213002BD7D12A
:1081C000C16E012927D1016851E8001F026821F022
:1081D000100142E80013F3B1016851E8001F026882
:1081E00021F0100142E80013002B1FBF016851E885
:1081F000001F026821F010011CBF42E80013002B91
:1082000009D0016851E8001F026821F0100142E81E
:108210000013002BD7D12021C0F88C100021C1669B
:108220004167D0F8901041F01001C0F89010FEF7AF
:10823000ABBC0000000000008446C069B0F5807F40
:10824000DCF8380000F0AA800022A0F85E20026866
:1082500052E8002F036822F4807243E80021F9B14C
:10826000016851E8001F026821F4807142E80013A0
:10827000002B1FBF016851E8001F026821F48071C4
:108280001CBF42E80013002B0AD0016851E8001F10
:10829000026821F4807142E80013002BD7D100BF9F
:1082A000016851E8021F026821F0010142E802134F
:1082B000F3B1016851E8021F026821F0010142E8B0
:1082C0000213002B1FBF016851E8021F026821F052
:1082D00001011CBF42E80213002B09D0016851E8DC
:1082E000021F026821F0010142E80213002BD7D1DE
:1082F000016851E8021F026821F0400142E80213C0
:10830000F3B1016851E8021F026821F0400142E820
:108310000213002B1FBF016851E8021F026821F001
:1083200040011CBF42E80213002B09D0016851E84C
:10833000021F026821F0400142E80213002BD7D14E
:108340002021C0F88C10C16E012927D1016851E8A5
:10835000001F026821F0100142E80013F3B1016828
:1083600051E8001F026821F0100142E80013002BC1
:108370001FBF016851E8001F026821F010011CBFF7
:1083800042E80013002B09D0016851E8001F026881
:1083900021F0100142E80013002BD7D10022026720
:1083A000C16E012912D1A0F85E20DCF800104A68E5
:1083B000B0F85C1093B28B4238BFA0F85E20B0F8E2
:1083C0005E20891A89B2FEF74FBA00BFFEF7E4BFFC
:1083D0000146806B01220267C26E012A12D1B0F8F9
:1083E0005C205308A0F85E30096849688BB293425C
:1083F00098BFA0F85E10B0F85E10511A89B2FEF76F
:1084000033BA00BFFEF7CCBFF0B583B004460068B6
:1084100046F6F31640F6004E22696569D4E9021368
:108420000A43E7690168CCF6FF762A4331401143DD
:10843000C5F6000E394301604168704521F4405192
:1084400044F2544C41EA03014160A2694FF2FF43F8
:108450001CBF216A0A438168C1F2FF131940C5F6A7
:10846000020C1143816047F6FF32C16AC4F2000278
:1084700021F00F01656A90424FF0800341EA050147
:10848000C16219DD41F2FF71C4F2010188422DDCA5
:1084900047F60041C4F20001884257D041F2000182
:1084A000C4F20101884239D041F20041C4F2010115
:1084B000884233D056E000BF44F6FF31C4F20001D9
:1084C000884237DD44F60041C4F2000188423DD0C5
:1084D00045F20001C4F20001884237D047F600019E
:1084E000C4F20001884231D03CE000BF41F60001F7
:1084F000C4F20101884211D041F60041C4F20101E9
:1085000088420BD070452DD1DCF8041001F0070231
:10851000062A27D20FF2883122E000BFDCF80010D3
:10852000C1F3C202062A1DD24DF28A41C0F60001F3
:1085300016E000BF44F20041C4F20001884205D0B9
:1085400044F60001C4F2000188420BD1DCF80010AF
:1085500001F00702062A05D24DF28441C0F600015F
:108560008B181B78704540F60010C0F23D0000F0FB
:108570005380B7F5004F40F07B80402B4FF0010156
:1085800000F28581DFE813F042002E0183018301B0
:108590003601830183018301420183018301830149
:1085A00083018301830183010A0183018301830124
:1085B000830183018301830183018301830183019B
:1085C00083018301830183014801830183018301C6
:1085D000830183018301830183018301830183017B
:1085E000830183018301830183018301830183016B
:1085F000830183018301830183018301830183015B
:108600008301830183018301260100BFFDF7B8FBCD
:10861000002840F0008136E19A1E01211E2A00F256
:108620007580DFE812F01F00340187003401340147
:1086300034018D003401340134013401340134013A
:10864000340179003401340134013401340134013E
:108650003401340134013401340134013401340172
:1086600034019500FCF790FB002840F070800AE18F
:10867000402B4FF0010100F20A81DFE813F04100C6
:10868000B70008010801C100080108010801E9005C
:1086900008010801080108010801080108019D00FE
:1086A0000801080108010801080108010801080182
:1086B0000801080108010801080108010801EF008C
:1086C0000801080108010801080108010801080162
:1086D0000801080108010801080108010801080152
:1086E0000801080108010801080108010801080142
:1086F0000801080108010801080108010801AF008C
:10870000FDF73EFB002840F0A880BCE0402B40F085
:10871000BE804FF400401BE05CF8540C800649F228
:108720000000C0F2D03013D55CF8541CC1F3C10175
:10873000C8400DE06846FCF73BFB019838B9A2E061
:108740006846FCF7C9FB0198002800F09C80656A28
:108750004DF2C4416268C0F6000131F81510B0FB5B
:10876000F1F002EB420188424FF00101C0F08F802E
:108770001303984200F28B80010E0023000210EBDD
:10878000520041F10001F7F72DFE4FF60052A0F51F
:108790004071C0F20F02914273D377E05CF8540C41
:1087A000800649F20000C0F2D03035D55CF8541C88
:1087B000C1F3C101C8402FE05CF8540C800649F2B7
:1087C0000000C0F2D03049D55CF8541CC1F3C1019F
:1087D000C84043E04FF400401EE000BF4FF40040AB
:1087E0003CE000BFFDF7FCFAA8B94CE0FDF7F8FA51
:1087F00098BB48E06846FCF7DBFA019858B942E0BC
:108800006846FCF7D5FA019838BB3CE06846FCF7AF
:1088100063FB0198B8B3656A4DF2C441C0F600012C
:1088200031F81510B0FBF1F061684A0802EB400026
:108830004FF6EF72B0FBF1F0A0F11001914225D894
:108840004FF6F0710140C0F34200084419E000BF48
:108850006846FCF741FB0198A8B1656A4DF2C44136
:108860006268C0F6000131F81510B0FBF1F000EBC2
:108870005200B0FBF2F0A0F110014FF6EF729142FE
:1088800004D82168C860002101E000BF01214FF039
:108890000110A0660020C4E91D00084603B0F0BD29
:1088A000020408102040000010B504468C46816583
:1088B0000021A0F85C20C0F890102220C4F88C00A1
:1088C000D4F88000F0B1134648F2392E48F2D13284
:1088D000C0F6000EC0F60002C0E90FE248F24902FD
:1088E000C0F60002C0E91321216862462431F9F77D
:1088F0002FFD38B11020C4F890002020C4F88C005F
:10890000012010BD206938B3206850E8000F2168AD
:1089100040F4807041E80002F2B1206850E8000F96
:10892000216840F4807041E80002002A1FBF2068DF
:1089300050E8000F216840F480701CBF41E800023D
:10894000002A09D0206850E8000F216840F48070A8
:1089500041E80002002AD7D1206850E8020F2168C0
:1089600040F0010041E80202F2B1206850E8020F35
:10897000216840F0010041E80202002A1FBF206880
:1089800050E8020F216840F001001CBF41E80202DC
:10899000002A09D0206850E8020F216840F0010049
:1089A00041E80202002AD7D1206850E8020F21686E
:1089B00040F0400041E80202F2B1206850E8020FA6
:1089C000216840F0400041E80202002A1FBF2068F1
:1089D00050E8020F216840F040001CBF41E802024D
:1089E000002A09D0206850E8020F216840F04000BA
:1089F00041E80202002AD7D1002010BD000000008B
:108A00002DE9F041804600680D46C7693940491B91
:108A1000B1FA81F149098A4225D1069C34B3164640
:108A2000611C29D1C1692940491BB1FA81F1490969
:108A30008E4218D1C1692940491BB1FA81F1490917
:108A40008E4201BFC1692940491BB1FA81F104BFBF
:108A500049098E4207D1C1692940491BB1FA81F108
:108A600049098E42DED00020BDE8F081FBF740F9D5
:108A70000320BDE8F08100BF1F4607E0C069284021
:108A8000401BB0FA80F040098642ECD1FBF730F988
:108A9000C01BA04200F2B680D8F800000168490768
:108AA000ECD5402D18BF802DE8D0C169090700F131
:108AB000AD80C1690905E1D54FF400610162D8F8C4
:108AC000000050E8000FD8F8001020F4907041E842
:108AD000000222B3D8F8000050E8000FD8F80010C8
:108AE00020F4907041E80002002A1FBFD8F800006F
:108AF00050E8000FD8F8001020F490701CBF41E837
:108B00000002002A0BD0D8F8000050E8000FD8F877
:108B1000001020F4907041E80002002ACFD14FF6F7
:108B2000FE70CEF6FF70D8F8001051E8021FD8F89A
:108B30000020014042E802130BB3D8F8001051E8BE
:108B4000021FD8F80020014042E80213002B1FBF8B
:108B5000D8F8001051E8021FD8F8002001401CBFCF
:108B600042E80213002B0AD0D8F8001051E8021F87
:108B7000D8F80020014042E80213002BD3D1D8F8E6
:108B80006C0001282FD1D8F8000050E8000FD8F869
:108B9000001020F0100041E8000222B3D8F80000D5
:108BA00050E8000FD8F8001020F0100041E8000253
:108BB000002A1FBFD8F8000050E8000FD8F80010B6
:108BC00020F010001CBF41E80002002A0BD0D8F8AA
:108BD000000050E8000FD8F8001020F0100041E825
:108BE0000002002ACFD12020C8F88C000021C8F84C
:108BF0006C10C8F87410C8F89000032088F884102E
:108C0000BDE8F0810320BDE8F08100BF08210162CA
:108C1000D8F8000050E8000FD8F8001020F4907049
:108C200041E8000222B3D8F8000050E8000FD8F85D
:108C3000001020F4907041E80002002A1FBFD8F80D
:108C4000000050E8000FD8F8001020F490701CBF0E
:108C500041E80002002A0BD0D8F8000050E8000FCD
:108C6000D8F8001020F4907041E80002002ACFD11B
:108C70004FF6FE70CEF6FF70D8F8001051E8021FD4
:108C8000D8F80020014042E802130BB3D8F80010D6
:108C900051E8021FD8F80020014042E80213002BDF
:108CA0001FBFD8F8001051E8021FD8F8002001407B
:108CB0001CBF42E80213002B0AD0D8F8001051E87C
:108CC000021FD8F80020014042E80213002BD3D144
:108CD000D8F86C0001282FD1D8F8000050E8000F18
:108CE000D8F8001020F0100041E8000222B3D8F8B4
:108CF000000050E8000FD8F8001020F0100041E804
:108D00000002002A1FBFD8F8000050E8000FD8F872
:108D1000001020F010001CBF41E80002002A0BD018
:108D2000D8F8000050E8000FD8F8001020F010002C
:108D300041E80002002ACFD12020C8F88C00002092
:108D4000C8F86C00C8F874000821C8F8901088F8BA
:108D500084000120BDE8F08180B5D0F8B8225268C7
:108D60009047002818BF032080BD000000000000CD
:108D70000020704700000000002070470000000045
:108D800080B513460A46002100F052F9002080BD4C
:108D900080B513460A46002100F01EFA002080BD6F
:108DA00080B50521C0F8941200210022002300F0B4
:108DB0003FF9002080BD000080B58C460223C0F83A
:108DC0009432134641620021C0E90522624600F058
:108DD00003FA002080BD000080B50421C0F8941281
:108DE00000210022002300F0F7F9002080BD0000E0
:108DF00080B5D0F8C802FBF717F940F20032C10085
:108E0000C0F20132032822FA01F188BF0321C8B25F
:108E100080BD000000000000B0B589B190F89C2230
:108E2000032A53D1D0F8B8225269002A4ED0002329
:108E3000C0F8D4329047002808BF0020B0BD00BF62
:108E4000D0F8941202293BD1038C816999420FD941
:108E5000CA1A416A1944826141620446FFF798FFC9
:108E6000002100220023204600F0E2F827E000BFA6
:108E700010D142698A420DD3D0F898128A4209D2A1
:108E80000021002200250446FFF782FFC4F8985213
:108E9000E6E700BF90F89C12032909D1D0F8B81278
:108EA000C96829B10022C0F8D42204468847204668
:108EB0008021044600F06CF92046FFF771FF204640
:108EC00090F8A01211B1002180F8A0120020B0BDCE
:108ED00010B579B190F89C22032A22D1D0F8B8229B
:108EE0009269F2B10023C0F8D4329047002808BF3D
:108EF000002010BDD0F89412032912D1B0F86021DF
:108F0000D0F8581191420FD98B1AD0F8641111443E
:108F1000C0F858319342C0F8641188BF1A46FFF771
:108F20002FFF002010BD00BF90F89C12032909D12B
:108F3000D0F8B812096929B10022C0F8D422044639
:108F400088472046FFF748FF002010BD00000000C2
:108F50000020704700000000012180F89C12D0F82A
:108F6000B8223AB180B5017952689047002818BFFD
:108F7000032080BD0020704701F07F02D0F8C802B6
:108F800001EBC10349B202EBC202002900EB8202ED
:108F900000EB830000F2562048BF02F11600007873
:108FA0007047000000000000D0F8D42200EB8202DD
:108FB000D2F8B82262B190F89C32032B06D1126A23
:108FC00022B180B59047002080BD00BF00207047CF
:108FD0000320704700000000D0F8D42200EB82028A
:108FE000D2F8B82262B190F89C32032B06D1526AB3
:108FF00022B180B59047002080BD00BF002070479F
:10900000032070470000000080B59446D0F8C802E5
:109010001A466346FBF738F840F20032C100C0F24E
:109020000132032822FA01F188BF0321C8B280BDB2
:1090300080B5D0F8C802FBF767F840F20032C100F3
:10904000C0F20132032822FA01F188BF0321C8B21D
:1090500080BD000000000000F0B581B0012680F85E
:109060009C620025C0F8945204464560D0F8B802CE
:10907000C4F8A45284F8A05240B1426832B1002131
:10908000204690470546002818BF032500210022EE
:10909000402320464027FFF7B7FF802100224023CE
:1090A000204684F86361A4F86071FFF7ADFF84F88F
:1090B00023602846278401B0F0BD000000000000B6
:1090C00090F89C12042903D190F89D1280F89C120C
:1090D000002070470000000090F89C12032908D17E
:1090E000D0F8B81229B1C96919B180B58847BDE86F
:1090F0008040002070470000024600201174704735
:1091000080B5D0F8C802FBF7DFFD40F20032C100A5
:10911000C0F20132032822FA01F188BF0321C8B24C
:1091200080BD000000000000B0B500F2AA24054692
:10913000204600F065F80121C5F8941295F8AA12AE
:10914000B5F8B03201F01F02C5F89832022A0FD0EC
:10915000012A07D092B928462146BDE8B04000F068
:1091600063B800BF28462146BDE8B04000F0D0BA41
:1091700028462146BDE8B04000F01ABA01F080014F
:109180002846BDE8B04000F003B800000000000031
:1091900080B5D0F8C802FAF7D3FF40F20032C10020
:1091A000C0F20132032822FA01F188BF0321C8B2BC
:1091B00080BD000000000000014690F89C020428D9
:1091C00003D091F89C0281F89D020020042281F8CE
:1091D0009C2270470000000080B5D0F8C802FAF762
:1091E000E7FF40F20032C100C0F20132032822FA48
:1091F00001F188BF0321C8B280BD0000000000005B
:109200000A7802704A7842704A8842808A8882804E
:10921000C988C18070470000D0F8B82212B1126826
:10922000104700BF002070470A78C2F34112531E56
:10923000022B07D2D0F8D42200EB8202D2F8B82257
:109240009268104770B582B0002A40F0C9804A7811
:10925000092A00F2C580DFE802F0052FC357C36179
:109260007DC31B4190F89C22013A022A00F2B8808B
:10927000C988022940F0B480D0F8A4120322002942
:10928000014608BF012241F80C2F02223CE100BF39
:10929000C988012940F0A48090F89C124A1E022A35
:1092A00080F0988001460122002441F8084FFFF722
:1092B00083FD204602B070BD90F89C22013A022A3C
:1092C00000F28E8049880024012940F09280C0F885
:1092D000A442FFF781FD204602B070BD498840F2EC
:1092E0003C25C2F2000511F0FE0F297050D08021FC
:1092F0000446FFF74DFF00212046FFF749FF0324F6
:10930000204602B070BD00BF4A88022A5ED0012A02
:1093100040F066800121C0F8A412FCE08A88002A8F
:109320005ED1CA88002A5BD14D887F2D58D890F82D
:109330009C12032954D0E9B280F89E520446FFF7EC
:10934000DFFE20462646FFF747FD002D00F0268170
:10935000022024E14A884FF0FF330026ADF8066072
:1093600003EB12230E2B00F27D80DFE803F0095D92
:10937000457B7B6D797B7B7B7B7B7B7B510000BF5F
:109380000D46D0F8B4120446007C0A6847E000BFDE
:1093900090F89C22032A69D0022A40F08F800A06A6
:1093A00000F0B98001F001024260C9B20546FFF742
:1093B00033FF002800F0D280044680212846FFF7C2
:1093C000E7FE00212846FFF7E3FE70E0497980F8C8
:1093D000A012A0E0032903D1011D012294E000BFE7
:1093E00080210546FFF7D4FE002128460024FFF720
:1093F000CFFE204602B070BDD2B2052A32D8DFE8D7
:1094000002F003C3BBBFB7C7D0F8B422526802E072
:10941000D0F8B422D2692AB30446007C0D460DF17F
:1094200006019047014664E00D46017C0446D0F8F1
:10943000B80200290CBF816AC16A0DF10600884795
:109440000146022054E000BF027C5AB90446D0F81D
:10945000B8020D46416B0DF106008847014648E011
:10946000027CDAB3802104465EE000BF0A0665D0C4
:1094700001F00102416891424DD0C9B20446FFF7A4
:109480006BFC2978204661602546FFF7C5FE002861
:1094900000F08280044680212846FFF779FE0021F3
:1094A0002846FFF775FE29792846FFF755FC02206C
:1094B00085F89C02204602B070BD00BF80210446A2
:1094C000FFF766FE00212046FFF762FE297820465E
:1094D000FFF742FC0324204602B070BD0446D0F8DA
:1094E000B8020D46016B0DF10600884701460720C2
:1094F0004870EA8872B1BDF806309BB193422046AD
:1095000038BF1A46ADF80620FFF756FC0024204667
:1095100002B070BD2046FFF75FFC0024204602B079
:1095200070BD00BF80212046FFF732FE002120469B
:10953000FFF72EFE0024204602B070BD022180F805
:109540009C120021002444600546FFF705FC2846D4
:10955000FFF742FC204602B070BD00BF2846FFF76F
:109560003BFC032085F89C020024204602B070BD1D
:10957000D0F8B42252694EE7D0F8B422D2684AE754
:10958000D0F8B422126946E7D0F8B422926842E7D4
:10959000D0F8B42292693EE72846BCE7012086F85D
:1095A0009C020024204602B070BD000000000000B4
:1095B00070B50D4609780446C1F341122979531E4E
:1095C000022B07D22046FFF7D3FB002855D00020FE
:1095D00070BD00BF9ABB687840B3012814D003283F
:1095E0002DD194F89C02032812D1688838B911F063
:1095F0007F0004D0E88810B92046FFF7C9FD204657
:10960000FFF7EAFB002070BD94F89C02032821D0EC
:10961000022814D1480612D02046FFF7B9FD802158
:109620002046FFF7B5FD002070BD00BF94F89C02F6
:1096300003282FD0022808BF5FEA416058D080215C
:109640002046FFF7A5FD00212046FFF7A1FD0020E1
:1096500070BD00BF68880028B9D10E46480603D007
:1096600020463146FFF7C4FB2046FFF7B5FB2046F6
:109670003146FFF77DFB0028A9D1D4F8B8028268F3
:109680000020002AC4F8D402A1D020462946BDE813
:109690007040104701F00F00802900EB800004EBC0
:1096A000800003D290F8630102E000BF90F823002D
:1096B0000028C4D001F07F0001EB8102802900EB7B
:1096C000800004EB800000F1140504EB820038BF39
:1096D00000F5AA75480605D02046FFF74DFC08B1F5
:1096E000012000E0002005F10E01A8730AE000BF90
:1096F00008064FF0140058BF4FF4AA70211800203C
:1097000001F80E0F02222046FFF756FB002070BD25
:10971000B0B50A7802F06002602A08D090F89C2266
:10972000013A022A03D88A8812F0FE0F0AD080215B
:109730000546FFF72DFD002128460024FFF728FDF0
:109740002046B0BD0C460546D1B2FFF715FB08B167
:109750000320B0BDD5F8B8128A68002AF8D0284690
:109760000021C5F8D41221469047E188044600291B
:1097700008BF002CE4D12846FFF72EFB0020B0BD27
:1097800010B50C784A78D0F81CC804F00F034FEAE3
:10979000441E012A18D101229A4000EB0E0342EA2E
:1097A0000C02C0F81C28D3F80009000429D403F5E2
:1097B00010600A7989686FF3DF21036841EA82410A
:1097C00043EA8452114317E04FF4803202FA03F364
:1097D00000EB0E0243EA0C03C0F81C38D2F8000B71
:1097E00000040ED40B7902F5306089686FF3DF2135
:1097F000026841EA8341114341F0805141F4004144
:109800000160002010BD00000146D0F8000940F2C0
:10981000FF729043C1F80009D1F80428002042F4F7
:109820008072C1F80428704743F20B03D0F840C09F
:10983000C4F654739C4503D3D0F8003B002B1ED4D0
:109840000023C0F8103BD0F8103B012943F400235B
:10985000C0F8103BD0F8103B43F01803C0F8103BA1
:10986000D0F8103B43F0C041C0F8101B07D1C0F83E
:10987000142BD0F8001B41F08021C0F8001B002001
:1098800070470000000000004A780B78012A4FEA78
:10989000431210440ED1D0F8002922F40012C0F86F
:1098A0000029097901F0FE01022914D100F51060A8
:1098B0000DE000BFD0F8002B22F40012C0F8002BFE
:1098C000097901F0FE01022905D100F53060016837
:1098D00041F080510160002070470000000000004E
:1098E0000A784B785101012B084407D1D0F80019B0
:1098F000002900F5106107D50CE000BFD0F8001B6F
:10990000002900F5306105D4002A1EBF086820F048
:10991000804008600A68002042F400120A60704724
:10992000F0B54B78002691F800C04FF6FF75012B7B
:10993000CFF6F876CEF207052CD100EB4C1E0C6961
:10994000002C0EF51063DEF810794FD03E401E61FA
:109950001E69BCF1000F05EA06051D618E6800F066
:109960009D80A5191F69013DB5FBF6F50026C1F6DE
:10997000F87606EAC5463E431E610E79012E40F098
:109980009A804FF0C0471E6907EA457526F0C04629
:109990001E618DE000EB4C174FF6FF74C0F2070418
:1099A000BCF1000FD7F8103B03EA0603C7F8103BE1
:1099B000D7F8106B07F5306306EA0506C7F8106B99
:1099C0008E680D693CD0002D3ED0AF19013FB7FB2A
:1099D000F6F7BDB26E4300250E62C1F6F87505EAD2
:1099E000C7471D6926402F431F6134E007EA05047D
:1099F0001C611C6944F400241C611C6904EA06050E
:109A00000024012A1D615ED000F510634FEA4C1658
:109A10009F5947F004479F510F79012F34D1D0F857
:109A20000878FF054FF0805758BF4FF00057F558A2
:109A3000002A45EA0702F25062D00020F0BD00BFC4
:109A4000002D18BF0E610E6206EA04071E69374337
:109A50001F614FF400261F69012A47EA06021A61B6
:109A600003D1CA68002A18BF5A61097901293BD17C
:109A7000D0F80808C0054FF0805058BF4FF0005094
:109A80001968084318602FE0002CD6D00CF00F01A5
:109A9000012202FA01F100F6340327E0B44205D9AD
:109AA0000E614FF40025344602E000BF4FF400255C
:109AB0001E6935431D6125461E696FF3DF45354339
:109AC000012A1D61A0D1CA69002A18BFCEF8142945
:109AD0000979012908D1D0F80808C005DEF8000985
:109AE0000AD440F00050CDE74FF004411868084315
:109AF00018600020F0BD00BF40F08050C2E700BFFA
:109B0000A2B2002A99D0D61C4FF0FF32C96800F5E6
:109B1000805002EB96034FEA0C32032BC6F381030D
:109B20000ED3B70827F003060F6817504F68175079
:109B30008F681750CF68043E01F110011750F3D120
:109B4000002B3FF47AAF012B0F6887503FF475AFBD
:109B5000022B4B6883503FF470AF8968815000201E
:109B6000F0BD00000000000080B582B0002201922C
:109B700082684B78012B0DD1097800F510604901FE
:109B80004258B2F1FF3F43DD4FF0000E704602B085
:109B900080BD00BF836923F08003836143691B0696
:109BA00005D4D0F8043843F40073C0F804389206A2
:109BB0004FF0000C4FF0000E6DD4019A013201926B
:109BC000019AB2F5702F61D84269D2061DD4019A6C
:109BD00001320192019AB2F5702F57D84269D2062C
:109BE00013D4019A01320192019AB2F5702F4DD827
:109BF0004269D20609D4019A01320192019AB2F562
:109C0000702F43D84269D206D7D54FF0000E3FE0FF
:109C10000A584FF0000E42F000620A500A5842F013
:109C200080420A50019A01320192019AB2F5702FD6
:109C300000F2AA804258B2F1FF3F00F3AB80019AD4
:109C400001320192019AB2F5702F00F29D804258C4
:109C5000B2F1FF3F00F39E80019A01320192019A16
:109C6000B2F5702F00F290804258B2F1FF3F00F33E
:109C70009180019A01320192019AB2F5702F00F29F
:109C800083804258B2F1FF3FCCDD7FE74FF0010EF9
:109C9000036A0093009BCDF804C0019B013301933C
:109CA000019BB3F5702F21D843691B0620D4019B7B
:109CB00001330193019BB3F5702F17D843691B063D
:109CC00016D4019B01330193019BB3F5702F0DD87E
:109CD00043691B060CD4019B01330193019BB3F52F
:109CE000702F03D843691B06D7D501E04FF0010E52
:109CF000097800EB4113D3F8001B41F00061C3F871
:109D0000001B03F53061D3F8002B42F08042C3F80A
:109D1000002B00220192019A01320192019AB2F5C0
:109D2000702F21D88A68920720D4019A01320192BB
:109D3000019AB2F5702F17D88A68920716D4019A43
:109D400001320192019AB2F5702F0DD88A689207FC
:109D50000CD4019A01320192019AB2F5702F03D806
:109D60008A689207D7D501E04FF0010E8A6842F069
:109D700002028A60D0F8041841F48061C0F8041827
:109D8000704602B080BD00BF4FF0010E704602B0B9
:109D900080BD00BF4FF0000E704602B080BD0000D5
:109DA00081B000220092009A01320092009AB2F132
:109DB000706F51D80269002A1ED4009A01320092B5
:109DC000009AB2F1706F47D80269002A14D4009A41
:109DD00001320092009AB2F1706F3DD80269002AF8
:109DE0000AD4009A01320092009AB2F1706F33D80F
:109DF0000269B2F1FF3FD6DC8901002200922031D6
:109E000001610099013100910099B1F1706F23D87F
:109E1000016989061DD50099013100910099B1F1C0
:109E2000706F19D80169890613D500990131009125
:109E30000099B1F1706F0FD80169890609D50099B1
:109E4000013100910099B1F1706F05D8016989065F
:109E5000D7D4002001B07047032001B07047000044
:109E6000D0F8081888074FF0020001F0060158BF2B
:109E70000F20002908BF08467047000000000000BE
:109E8000406900F001007047D0F81818D0F81C089D
:109E9000084080B270470000D0F81818D0F81C08AD
:109EA0000840000C70470000D0F810C8D0F83438D3
:109EB00001F00F0200EB411023FA02F2D201D0F8B8
:109EC0000809D1B241EA0C010840704700000000C7
:109ED00000EB4111D1F8081BD0F814080840704776
:109EE000416980690840704710B5930802F0030E7D
:109EF0002CD05A1E03F0030C032A0FD323F00303C4
:109F00004FF4805284580C6084584C6084588C60A4
:109F10008458043BCC6001F11001F3D1BCF1000F77
:109F200014D04FF480520B46BCF1010F845843F813
:109F3000044B05D11946BEF1000F0AD11FE000BF46
:109F4000BCF1020F82584A601CD10831BEF1000FEB
:109F500015D04FF48052BEF1010F80580A4602F826
:109F6000010B01D1104610BDBEF1020F4FEA1022C5
:109F70004A7001D1881C10BD000C8870033108465E
:109F800010BD00BF4FF4805282588A600C31BEF180
:109F9000000FDED1F3E700000246D0F8000820F4FD
:109FA000FE6001F07F01C2F800080020D2F80038FE
:109FB00043EA0111C2F800187047000000000000D9
:109FC000022A02465FD145F2403043F20053CFF6F9
:109FD0002770C0F20C030844984203D24FF470512A
:109FE00053E000BF41F6406044F24023CFF61B70BF
:109FF000C0F20F030844984202D24FF4605144E08B
:10A00000A1F5740044F68073A0F51050C0F212035D
:10A01000984203D24FF4505137E000BFA1F1837052
:10A020004DF22063A0F5E740C0F21303984203D23B
:10A030004FF4405129E000BF4BF260604EF26033B4
:10A04000CFF6E560C0F216030844984202D24FF4FE
:10A0500030511AE04DF2003047F24073CFF6CE6037
:10A06000C0F21B030844984202D24FF420510CE086
:10A0700045F6C03049F2C013CFF6B360C0F22103F9
:10A08000084498420AD24FF41051D06820F470501E
:10A09000D060D36800201943D1607047A1F1B77038
:10A0A00047F22053A0F55850C0F23803984203D22B
:10A0B0004FF40051E9E700BF45F2E04049F6E043C4
:10A0C000CFF65960C0F2410308444FF4C0519842A2
:10A0D00038BF4FF4E051D8E780B5DDF808C0BCF1D7
:10A0E000000F33D193B303334FF0FF3C00F5805E94
:10A0F00012030CEB930CBCF1030FC3F3810C13D3CD
:10A100009B0823F0030300BF086842F80E0048686C
:10A1100042F80E00886842F80E00C868043B01F15E
:10A12000100142F80E00EFD1BCF1000F0ED0BCF1CF
:10A13000010F08684EF8020008D0BCF1020F486811
:10A140004EF8020002D088684EF80200002080BD60
:10A15000FEE70000000000002DE9F04740F2080093
:10A160004DF68361C2F20000C4F21B310024006886
:10A17000A0FB0101880C40F29411C2F200010D46CF
:10A18000086040F2B820C2F2000045F8040FC1E9AF
:10A1900002440C610820C1E905044FF48010C86135
:10A1A0004FF400100862C1E91844C1E91A44C1E93A
:10A1B0001C448C6701F124003921F6F7FAF940F6C6
:10A1C0001C1640F21110C2F2000645F6F87706F1AF
:10A1D000280249F69A11B0804EF68340C4F25E0020
:10A1E0004DF23C58C3F6B877CBF6D97183C206F16D
:10A1F000340024213460C0F60008B471C6E902447A
:10A200003461B482C6E9068534627762F6F7D1F923
:10A2100040F200094FF0804AC4F2C009C6F85890D5
:10A22000C6E917A4776640F2122086F8684040F627
:10A230008816C2F20006002106F12802C3F6E0717A
:10A24000B08048F21C60C6E9068546F26668C4F232
:10A250007800C3F6E678346082E8030106F1340042
:10A260002421B471C6E902443461B4823462C6F870
:10A270002480F6F79EF9C6E9169AC6E9184886F8CA
:10A28000684040F6F416C2F2000640F2133006F1C0
:10A2900028024EF65437B0804DF22450C0F600002C
:10A2A00040F6DB71C6E9060547F2A400CBF650572D
:10A2B000C3F67D70CCF2490183C206F1340024213B
:10A2C0003460B471C6E902443461B48234627762A6
:10A2D000F6F76FF940F6602140F21440C2F2000137
:10A2E00044F20E3201F12C03C4F2C40288804DF214
:10A2F0000C50C0F600008A62C1E9060547F25640DC
:10A3000047F25642C4F2940048624CF6CD40C4F283
:10A31000A402C3F64C7001F1440C15C34CF6CD40B9
:10A320000023C3F64C60C4F2A0038CE8090401F1D9
:10A33000500C4FF07C53C6E9169A8CE8180640F68C
:10A34000CC2386F86840C2F200030C6003F1280CAD
:10A350008C71C6E91847C1E902440C614AF22977B9
:10A360008C8246F266660C62C3F69E57C1E90E44C3
:10A370000C64CCF22606C1E9184281F8684040F22C
:10A38000155199804FF07E514DF2F4421C608CE8DB
:10A39000C2004CF6CD419C71C3E902441C61C0F679
:10A3A00000029C82C4F24C01C3E906251C6203F141
:10A3B000500C5F620026C3E90D44C3E90F445864A2
:10A3C000CCF24006C3E912A1C3E9184783F86840FC
:10A3D00040F63833C2F2000340F216678CE81106EB
:10A3E0009F804BF65017C3E906254EF63D221C60B0
:10A3F0009C71CBF6DB329C82CCF25B07C3E9024452
:10A400001C6103F1500CC3E90842C3E90A87C3E9A0
:10A410000C24C3E90E44C3E91040C3E912A1C3E907
:10A42000184283F8684040F6A433C2F2000340F2B9
:10A4300017778CE811069F804DF2DC47C3E912A123
:10A4400003F15001C0F60007C3E9067500271C6040
:10A450009C71C4F240079C82C3E902441C611C62E7
:10A460005A62C3E90A76C3E90C24C3E90E44C3E97E
:10A47000104081E81106C3E9184283F86840BDE83E
:10A48000F08700000000000010B52DED068B90F85D
:10A49000681079B190ED092A9FED733A90ED190A91
:10A4A00032EE401AB4EE431AF1EE10FA0ADD9FEDD7
:10A4B0006D3A0EE0FC21BDEC068BBDE8104000F0CB
:10A4C000EBB900BF9FED674AB4EE441AF1EE10FA03
:10A4D0000CDA31EE034AB0EEC43AB5EE404AF1EE82
:10A4E00010FA07D090ED181A3CE000BF9FED5F3ADC
:10A4F000B0EE434A90ED181A9FED5D6AB0EEC15A76
:10A50000B4EE465AF1EE10FA2CDA9FED5D0A002106
:10A510009FED5C8A32EE000AF0EE480A016680ED9B
:10A52000192A044602F05AFEDFED500AB5EE400A41
:10A53000B0EE601A2046F1EE10FAB8BFB0EE481A3D
:10A54000B4F8401030EE010A9FED4F1AB4F84220E3
:10A5500030EE010AB0EE601ABDEC068BBDE810408B
:10A5600000F0B2B990ED165AB5EE404A35EE054A04
:10A570009FED3E8ABFEE002AB0EE486AF1EE10FA77
:10A58000B8BFB0EE426A23EE042AB7EE007A9FED20
:10A590003DAA0446F0EE4A0AB1EEC24AB5EE402AA0
:10A5A00037FE063A9FED336AF1EE10FA25EE067A91
:10A5B00034FE082A25EE465A23EE022A90ED173A79
:10A5C000B1EE434A82FE432A82FE042A32EE412A39
:10A5D00082FE472A82FE052A31EE021A9FED262AC4
:10A5E00081FE431A9FED253A81FE049A90ED0F1AE1
:10A5F00031EE022A80ED189A31EE031AA9EE060A0E
:10A6000080FE420A80FE010A90ED0A1A80FE410A8D
:10A6100090ED0B1A80FE011A9FED190A80ED191AB0
:10A6200031EE000A02F0DAFDB5EE400AB0EE481A4B
:10A63000F1EE10FAB8BFB0EE4A1AB4F84010204656
:10A6400030EE010A9FED101AB4F84220F0EE490AEC
:10A6500030EE010AB0EE481ABDEC068BBDE81040A2
:10A6600000F032B90AD723BC0AD7233C000000000F
:10A670000AD7A33C6F12033BCDCCCC3DCDCCCCBD97
:10A68000DB0F4940DB0FC940DB0F49C00000000071
:10A6900010B52DED068B044600F086F894F868009E
:10A6A00094ED029A70B394ED0E0A9FED351A39EECF
:10A6B000400A9FED348AF0EE480A30EE010A02F0BB
:10A6C0008DFD9FED311AB5EE400AF1EE10FAB8BFDC
:10A6D000B0EE481A84ED0E9A30EE010A9FED2B1A67
:10A6E00030EE010A94ED0F1A31EE001A94ED0C0AC7
:10A6F00084ED0F1A31EE400A84ED0D0ABDEC068B95
:10A7000010BD00BF94ED0CAA9FED1D1A39EE4A0A48
:10A710009FED1C8AF0EE480A30EE010A02F05EFD61
:10A720009FED191AB5EE400AF1EE10FAB8BFB0EE7F
:10A73000481A94ED0A2A84ED0E9A30EE010A9FED34
:10A74000131A00202066012084F8680030EE010A08
:10A7500094ED091A81FE421A3AEE002A94ED0B0A92
:10A7600081FE001A84ED0F2A84ED091A32EE4A0A9E
:10A7700084ED192A84ED0D0ABDEC068B10BD00BFD7
:10A78000DB0F4940DB0FC94000000000DB0F49C070
:10A7900003610346D0F800C043F8041F6046194621
:10A7A000F7F7F6BF00000000002948D00A78437987
:10A7B0009A4202D18B78332B42D012098271B1F8C0
:10A7C000012048F20103CFF6FF7312BA03EB1242E5
:10A7D00000EE102A826992ED001AB8EEC00A21EE4E
:10A7E000000A92ED011A80ED020ACB7891F804C0BC
:10A7F0001B0143EA1C13A3F2FF7300EE103AB8EEFC
:10A80000C00A21EE000A92ED021A80ED030A0B79CC
:10A8100091F805C003F00F034CEA0323A3F2FF7382
:10A8200000EE103AB8EEC00A21EE000A80ED040AEC
:10A830008A790275C9794175418C0131418470472B
:10A8400049680160F8E70000B0B58AB000294FF010
:10A85000010518BF4FF080410446006802910021B5
:10A8600003910222CDE905510791CDE9081102A912
:10A870000492F8F739F808B1F6F782F92068022156
:10A88000022201230095F8F777F8206801210122C0
:10A89000F7F7FAFF0AB0B0BD10B582B004464FF02A
:10A8A000FF30CDF803006A4694F805C000908DF89B
:10A8B0000710E06908236146FFF76AFF208C01302A
:10A8C000208402B010BD0000B0B582B0054680699A
:10A8D0009FED214A8DF8041090ED032A90ED043A83
:10A8E000A0EE024A9FED1D0AB0EE405A90ED052AF7
:10A8F000A1EE020AA0EE835ABCEEC41ABCEEC00A56
:10A9000011EE100ABCEEC52A10EE104A8DF80100B7
:10A91000030A8DF8003012EE103A8DF8074018093E
:10A920008DF80200C1F30320C4F3032140EA0310B1
:10A930008DF8030010098DF8050041EA02106979CD
:10A940008DF80600E8696A460823FFF721FF288C86
:10A950000130288402B0B0BD00FFFF4600F0FF4484
:10A960004EF60C500422CEF20000C0F2FA52BFF3B1
:10A970004F8F016801F4E06111430160BFF34F8F15
:10A9800000BF00BF00BF00BFFAE7000000000000EA
:10A9900020B32DE9F04381B0044640F60050C2F2E6
:10A9A00000000068844223D001F00AF940F28C09CB
:10A9B0006569C2F20009A66AD9F81870D9F81C8036
:10A9C00001F026F909F14C00864215D00220BD4263
:10A9D00018BF454514D101B0BDE8F0834FF05000D9
:10A9E00080F31188BFF36F8FBFF34F8FFEE700BF77
:10A9F000002001B0BDE8F083012001B0BDE8F08384
:10AA000009F1600085420BD0012009F13801002DC9
:10AA100008BF04208D4208BF042001B0BDE8F083C8
:10AA2000A06A18B1022001B0BDE8F08394F8581074
:10AA30000320012908BF022001B0BDE8F083000017
:10AA400084B001200090F9F723FA0020019048F229
:10AA50001F70029040F2011003906846F9F7E8F980
:10AA60000420F9F725FAF9F75BF9FDF729F8FCF767
:10AA700043FDFCF7A1FCFCF7BBFCFCF761FDFCF718
:10AA80000BFF00F029F8FCF70BFD00F04DF800BFBC
:10AA9000FEE7000000000000EFF3058100291CBF65
:10AAA0006FF00500704710B5044602F051F90146F9
:10AAB0002046012904D108B101F03AFA002010BD66
:10AAC000EFF3108119B9EFF311810029F3D06FF082
:10AAD000050010BD00000000EFF3058000281CBF3A
:10AAE0006FF00500704780B502F032F9012811D1EE
:10AAF00002F02EF901284FF0FF3009D140F2382141
:10AB0000C2F200010A68002A02BF0120086000208A
:10AB100080BD00BFEFF3108018B9EFF3118000285B
:10AB2000E6D06FF0050080BDEFF3058000281CBF64
:10AB30006FF00500704780B502F00AF9012819D1BD
:10AB400002F006F901284FF0FF3012D140F238210F
:10AB5000C2F200010A68012A18BF80BD4EF61F50DC
:10AB60000022CEF2000002700220086001F064FBB7
:10AB7000002080BDEFF3108018B9EFF3118000289A
:10AB8000DED06FF0050080BD2DE9F04F85B0EFF30A
:10AB900005832BB16FF00507384605B0BDE8F08F8F
:10ABA000904682460C4602F0D3F801283CD1BAF117
:10ABB000000F43D4D346A00748BF4FF0000B02F06C
:10ABC000D7F86FF00101B8F1000F08BF6FF0020174
:10ABD00002900391E10741D1B8F1000F6AD04FF024
:10ABE0000009464600240AE002F0C2F80299401A21
:10ABF000B8EB000638BF4E46002D3C46CCD00020B6
:10AC000000215A4604AB009602F00EF805460128D2
:10AC1000039FF1D104EA0A00049941EA000717EA08
:10AC20000A0FE1D0B8E700BFEFF3108060B16FF01A
:10AC30000507384605B0BDE8F08F00BF6FF0030789
:10AC4000384605B0BDE8F08FEFF311800028AED094
:10AC50006FF00507384605B0BDE8F08FB8F1000F7A
:10AC60004ED004AEC14600240EE000BF02F080F8D2
:10AC70000299401AB8EB00094FF0000038BF814636
:10AC8000002D3C463FF488AF002000215A46334651
:10AC9000CDF8009001F0C8FF05460128039FEFD1D1
:10ACA00004EA0A00049941EA000707EA0A0050454D
:10ACB000DCD171E704AB002000215A460026009643
:10ACC00001F0B2FF01280DD004AD00BF00283DD037
:10ACD000002000215A462B46009601F0A5FF0128CE
:10ACE000F4D1039E06EA0A00049941EA000717EA34
:10ACF0000A0F08BF6FF00207384605B0BDE8F08FB5
:10AD000004AB002000215A460026009601F08CFF7B
:10AD100001280CD004AD00BFC0B1002000215A466C
:10AD20002B46009601F080FF0128F5D1039E06EA2C
:10AD30000A00049941EA000707EA0A00504518BFD3
:10AD40006FF00207384605B0BDE8F08F039F384624
:10AD500005B0BDE8F08F00002DE9F04385B0002478
:10AD60000494EFF305831BB1204605B0BDE8F083E2
:10AD7000154604460E4601F0EBFF012808D1204697
:10AD8000B446BCB90024204605B0BDE8F08300BF3E
:10AD9000EFF3108020B10024204605B0BDE8F08319
:10ADA0002046002C4FF00004EFF31181DCD0002985
:10ADB000B446D9D14FF0000435B3AB69002B08BFBE
:10ADC0001823382BD0D82979C907CDD16F69BA0893
:10ADD000002FD5E90289964608BF4FF0800EB8F1E2
:10ADE000000F296824D0B9F15C0FBDD32E69002E65
:10ADF00018BF002FB8D08DE84801634601F0C8FEA7
:10AE000005B0BDE8F08300BF4FF0800E182300218D
:10AE10001FFA8EF204AFCDE90037334601F088FE09
:10AE20000499012808BF0C46204605B0BDE8F08310
:10AE3000B9F1000F98D12A69002A95D1E8E70000FE
:10AE4000EFF3058100291CBF6FF00500704710B5B6
:10AE5000044601F07DFF01462046012904D168B176
:10AE600001F06EFA002010BDEFF3108119B9EFF375
:10AE700011810029F3D06FF0050010BD6FF00300C1
:10AE800010BD000000000000EFF3058100291CBF89
:10AE90006FF00500704710B5044601F059FF012816
:10AEA00008D18CB12046FFF773FD042810D16FF054
:10AEB000020010BDEFF3108018B9EFF311800028E5
:10AEC000EFD06FF0050010BD6FF0030010BD00BFA4
:10AED000204601F079F8002010BD000000000000BD
:10AEE0002DE9F04381B0044600F06AFE40F28C0682
:10AEF00040F60058C2F20006C2F2000840F60455BF
:10AF0000B068C2F200050130B060D8F8000068B146
:10AF1000F068002840F00A81D8F80000E16AC06AB1
:10AF2000884298BFC8F8004000E100BFC8F8004060
:10AF3000B068012840F0FA80284600F0E1FD05F1F4
:10AF4000140000F0DDFD05F1280000F0D9FD05F149
:10AF50003C0000F0D5FD05F1500000F0D1FD05F1F9
:10AF6000640000F0CDFD05F1780000F0C9FD05F1A9
:10AF70008C0000F0C5FD05F1A00000F0C1FD05F159
:10AF8000B40000F0BDFD05F1C80000F0B9FD05F109
:10AF9000DC0000F0B5FD05F1F00000F0B1FD05F5B5
:10AFA000827000F0ADFD05F58C7000F0A9FD05F58F
:10AFB000967000F0A5FD05F5A07000F0A1FD05F567
:10AFC000AA7000F09DFD05F5B47000F099FD05F53F
:10AFD000BE7000F095FD05F5C87000F091FD05F517
:10AFE000D27000F08DFD05F5DC7000F089FD05F5EF
:10AFF000E67000F085FD05F5F07000F081FD05F5C7
:10B00000FA7000F07DFD05F5027000F079FD05F5A0
:10B01000077000F075FD05F50C7000F071FD05F589
:10B02000117000F06DFD05F5167000F069FD05F575
:10B030001B7000F065FD05F5207000F061FD05F561
:10B04000257000F05DFD05F52A7000F059FD05F54D
:10B050002F7000F055FD05F5347000F051FD05F539
:10B06000397000F04DFD05F53E7000F049FD05F525
:10B07000437000F045FD05F5487000F041FD05F511
:10B080004D7000F03DFD05F5527000F039FD05F5FD
:10B09000577000F035FD05F55C7000F031FD05F5E9
:10B0A000617000F02DFD05F5667000F029FD05F5D5
:10B0B0006B7000F025FD05F5707000F021FD05F5C1
:10B0C000757000F01DFD05F57A7000F019FD05F5AD
:10B0D0007F7000F015FD05F5826000F011FD05F2AE
:10B0E000244000F00DFD05F5876000F009FD05F234
:10B0F0004C4000F005FD40F21029C2F2000948461C
:10B1000000F0FEFC09F11407384600F0F9FC06F1E6
:10B110004C0000F0F5FC06F1380000F0F1FC06F1FF
:10B12000600000F0EDFCC6F81890F7613068271D4C
:10B13000316A421CE06A32608842626488BF3062D1
:10B1400000EB800005EB800161614A68A2609368B2
:10B15000E36097605F6055F82010013145F82010DA
:10B1600000F056FDF06880B1D8F80000E16AC06ACE
:10B1700088420AD24EF604504FF08051CEF20000C1
:10B180000160BFF34F8FBFF36F8F01B0BDE8F08355
:10B1900040F28C0540F604564EF60458C2F2000503
:10B1A000C2F20006CEF200084FF0805703E000BF65
:10B1B000204600F045FD6868D0B100F001FD686CE4
:10B1C000C468201D00F068FCA8680138A8606868A1
:10B1D0000138686000F01CFD94F859000228EAD09C
:10B1E0000128E5D070B9206B00F02AFDE0E700BF30
:10B1F00030680228DFD3C8F80070BFF34F8FBFF369
:10B200006F8FD8E74FF0500080F31188BFF36F8F36
:10B21000BFF34F8FFEE700002DE9F04381B00A9C99
:10B2200016460F468146206B9100A5229846089D40
:10B23000F5F795F9002F206B41D0397884F8341058
:10B24000D1B3797884F83510B1B3B97884F8361071
:10B2500091B3F97884F8371071B3397984F83810DC
:10B2600051B3797984F8391031B3B97984F83A1047
:10B2700011B3F97984F83B10F1B1397A84F83C10B4
:10B28000D1B1797A84F83D10B1B1B97A84F83E1021
:10B2900091B1F97A84F83F1071B1397B84F840108C
:10B2A00051B1797B84F8411031B1B97B84F84210F7
:10B2B00011B1F97B84F84310002184F84310382D34
:10B2C0000AD34FF0500080F31188BFF36F8FBFF3A4
:10B2D0004F8F00BFFEE700BF00EB8600099F0438D8
:10B2E000E56220F00706201DE56400F015FC04F17E
:10B2F000180000F011FCC5F13800A0613046494645
:10B3000042462461646200F00FFB002F206018BFEA
:10B310003C6001B0BDE8F08308480068006880F335
:10B3200008884FF0000080F3148862B661B6BFF35E
:10B330004F8FBFF36F8F00DF00BF000008ED00E00C
:10B3400081B00020009040F21000C2F200000068BE
:10B350004FF0500181F31188BFF36F8FBFF34F8F10
:10B36000013003D0FEE700BF009838B9009828B933
:10B370000098002804BF00980028F5D001B070475D
:10B3800084B040F20019E846C2F20009D9F808007A
:10B3900006681EB1C068D0F800A001E04FF0000AB6
:10B3A00001F086F801F0E4FCD9F8101083468842D9
:10B3B0001FD3002EC9F810B060D0DA455ED801F076
:10B3C00013FED9F80800C068C668371D384600F07B
:10B3D00063FB96F82800410738D400F0FA0086F89D
:10B3E000280071E000F0FA0086F82800316A304643
:10B3F0008847D9F808000168B1B3C068C668056815
:10B40000371D384600F048FB96F828004107E9D57B
:10B41000B069441974604019366108D2316A304607
:10B420008847B0692118044474603661F6D3D9F8AE
:10B430000C00394600F074FBD8E700BFABEB0A0103
:10B4400081423BD3316A30468847A246B0693661B3
:10B4500000EB0A0474605C45F0D9D34509F108009B
:10B460002ED25445EED22BE0D9F80C10C9F810B00A
:10B47000C9E9021001F0B8FD30E000BF16B10022AA
:10B4800006E000BFD9F80C000068B0FA80F042096D
:10B49000D9F80000AAEB0B0100F016FD01F0A4FDA5
:10B4A000E0B94EF604504FF08051CEF2000001603A
:10B4B000BFF34F8FBFF36F8F10E000BF09F10C0097
:10B4C0000068394600F02CFB316A3046884705E0B9
:10B4D00009F10C063068394600F022FBD9F800006B
:10B4E0000022414601F0B4F900283FF44FAF009824
:10B4F000B0F1FF3F06DCDDE9012003999047009899
:10B500000028EBD4DDF808B0DBF8140018B10BF11B
:10B51000040000F0C1FA01F02BFCD9F810108246AB
:10B52000884208D330E000BF00F0FA0087F8280016
:10B53000396A38468847D9F80800016801B3C068FD
:10B54000C76805683C1D204600F0A6FA97F8280059
:10B550004107E9D5B86946197E6040193F6108D2B4
:10B56000396A38468847B869311806447E603F61B9
:10B57000F6D3D9F80C00214600F0D2FAD8E700BF84
:10B58000D9F80C10C9E902100098C9F810A00138C8
:10B590000828A3D8DFE800F00606482C6E06064807
:10B5A0002C0000BF9BF82810019ADBF818005F46BA
:10B5B00041F001038BF82830831847F8043F5345C6
:10B5C000CBF810B008D9924509F10806BFF482AF54
:10B5D000934206D27EE700BFAAEB02028242FFF44A
:10B5E00077AF4A0728D401F0FA008BF828004FE023
:10B5F0009BF8280040F00101019800288BF82810E2
:10B60000CBF818004AD0504409F10C025946504575
:10B6100088BF09F1080241F8040FCBF810B0106898
:10B6200000F07EFA5AE700BF9BF8280000F0FE0009
:10B630008BF8280052E700BF019901440BE000BFDE
:10B64000AAEB010181421DD3DBF820105846884740
:10B65000DBF8180021460C18CBF804405445CBF811
:10B6600010B0EDD98A4509F108000DD28C42EBD219
:10B670000AE000BF9BF828008107D7D4584600F0A5
:10B68000DFFA2BE709F10C000068394600F048FAB0
:10B69000DBF820105846884720E700BF4FF05000E5
:10B6A00080F31188BFF36F8FBFF34F8FFEE7000069
:10B6B000F0B581B0044600F083FA94F94560012E9C
:10B6C00010DB04F1240503E0F0B2013E012809D9A2
:10B6D000286838B1284601F013FC0028F4D000F0A7
:10B6E000F7FCF1E7FF2684F8456000F091FA00F0DE
:10B6F00067FA94F94470012F10DB04F1100503E0A0
:10B70000F8B2013F012809D9286838B1284601F06C
:10B71000F7FB0028F4D000F0DBFCF1E784F844608C
:10B7200001B0BDE8F04000F073BA00000000000076
:10B7300070B5044600F0BCFE40F23C1CC2F2000CA6
:10B74000DCF8003023B104F10802092A28D22DE0E8
:10B7500041F26410C2F20000C11D10F0070221F096
:10B760000701A0EB010202F5705204BF01464FF43D
:10B77000705200200A4422F00702A2F10803CCF81C
:10B780000030CCE9051042E90200581A4860DCF8A4
:10B7900000300B60CCE9010004F10802092A05D34E
:10B7A00014F007000ED00938824207D9002401F0B6
:10B7B0001BFC60075DD1204670BD00BF24F0070070
:10B7C00000F11002012A4FF000044EDBDCF8040007
:10B7D00082424AD8604650F814EFDEF804409442A2
:10B7E0002BD2DEF80010B9B175464C68944217D2DE
:10B7F0000E68AEB17468944216D23068A0B1446845
:10B80000944215D205689DB16C68944214D229689F
:10B81000AE460029E9D110E00CF114000DE000BFA4
:10B820008E46284609E000BFB646084605E000BF40
:10B830008646304601E000BFAE469E4514D0A11AB0
:10B8400003681129DEF8004004604FD30EEB0204B8
:10B85000600719D04FF0500080F31188BFF36F8F4D
:10B86000BFF34F8FFEE700BF002401F0BDFB600770
:10B87000A1D04FF0500080F31188BFF36F8FBFF35A
:10B880004F8F00BFFEE700BF0CF114006160CEF8DF
:10B8900004200168A1420BD20868A0420CD20168C2
:10B8A000A14205D208680A46A042F2D305E000BFD3
:10B8B0000246084601E000BF0A4655685119A142F8
:10B8C000616802D12944144651606518854201D04F
:10B8D000054607E0DCF80050A84203D0D0E900504C
:10B8E00008446060A242256018BF1460DEF80400BE
:10B8F00003F10804DCE90112091ACCF804109142A2
:10B9000040F0004038BFCCF808100021CEE900100C
:10B91000DCF80C000130CCF80C0001F065FB60078E
:10B92000A7D148E7000000004BF2413321F00101AC
:10B9300040F8081C4FF0807140F8041CA0F144014D
:10B94000C0F6000340F80C3C6FF0020340E90932F6
:10B95000084670470000000040F61C18FD21C2F2A6
:10B9600000084046FEF798FF40F68819FD21C2F214
:10B9700000094846FEF790FF40F6F41AFD21C2F296
:10B98000000A5046FEF788FF40F66027FD21C2F20C
:10B9900000073846FEF780FF0120FFF77DF840F6EC
:10B9A000CC24FD21C2F200042046FEF775FF40F6CC
:10B9B0003835FD21C2F200052846FEF76DFF40F63E
:10B9C000A436FD21C2F200063046FEF765FF0120D5
:10B9D000FFF762F8FB214046FEF75EFFFB21484679
:10B9E000FEF75AFFFB215046FEF756FFFB21384673
:10B9F000FEF752FF0120FFF74FF8FB212046FEF72C
:10BA00004BFFFB212846FEF747FFFB213046FEF7A0
:10BA100043FF0120FFF740F8FC214046FEF73CFFC2
:10BA2000FC214846FEF738FFFC215046FEF734FF64
:10BA3000FC213846FEF730FF0120FFF72DF8FC21EE
:10BA40002046FEF729FFFC212846FEF725FFFC21B2
:10BA50003046FEF721FF0120FFF71EF84046FEF7B3
:10BA600013FD4846FEF710FD5046FEF70DFD384623
:10BA7000FEF70AFD0120FFF70FF82046FEF704FD50
:10BA80002846FEF701FD3046FEF7FEFC0120FFF7D9
:10BA900003F8E3E7000000000169D0E90132D1F8C2
:10BAA00004C09A608445536008BF4A600022026166
:10BAB000086801380860086870470000000000004E
:10BAC00044F66873C2F20003036044F66850C2F2A1
:10BAD0000000086080201060704700000000000037
:10BAE00045F2C433C2F20003036044F6C470C2F2EC
:10BAF000000008604FF48070106070470000000084
:10BB000002464FF0FF3142F8081F00214260C0E9B1
:10BB100003220160704700000021016170470000AE
:10BB200010B5D1F800C01CF1010213D000F10804D7
:10BB300062681368634511D853681C68644511D85E
:10BB40005A68146864450FD85468A646236863454C
:10BB5000EED90BE00269D2F804E007E096462246EF
:10BB600004E000BF9E4601E096461A46C1F804E094
:10BB7000CEF808108A6051600861016801310160E7
:10BB800010BD000000000000D0F800C043684B600A
:10BB90009A688A609960516008610CF10101016046
:10BBA0007047000000000000DFF80C00016841F45D
:10BBB000700101607047000088ED00E000000000A7
:10BBC0004FF0500080F31188BFF36F8FBFF34F8F9A
:10BBD00040F21000C2F200000168002901F10101E9
:10BBE000016001D0704700BF4EF60450CEF2000055
:10BBF0000068000608BF70474FF0500080F31188BE
:10BC0000BFF36F8FBFF34F8FFEE70000000000000F
:10BC100040F21000C2F20000016839B10139016040
:10BC200018BF7047002080F3118870474FF0500014
:10BC300080F31188BFF36F8FBFF34F8FFEE70000D3
:10BC4000B0B5002808BFB0BD50F8041C002909D4C5
:10BC50004FF0500080F31188BFF36F8FBFF34F8F09
:10BC6000FEE700BFA0F1080422684AB14FF050007F
:10BC700080F31188BFF36F8FBFF34F8FFEE700BFD4
:10BC800021F0004140F8041C054600F011FC40F290
:10BC90003C1C55F8041CC2F2000C0CF11402DCF838
:10BCA00004000844CCF804001068A0420AD20268DC
:10BCB000A24213D21068A04204D202680346A242F4
:10BCC000F2D301E01346024658681D18A5420AD077
:10BCD000601890420DD0104613E000BF034658682C
:10BCE0001D18A542F4D101441C46596060189042C9
:10BCF000F1D1DCF80000824203D0D2E90002114405
:10BD00006160A342206018BF1C60DCF810000130A5
:10BD1000CCF81000BDE8B04001F066B900000000AA
:10BD20004EF210000021CEF2000044F6D352C1F2D0
:10BD300062020160816040F20801C2F200010968FC
:10BD4000A1FB02124FF0FF3101EB9211416007217C
:10BD5000016070470000000000286BD0002908BF78
:10BD60007047B0B545F22042C2F2000253689842D3
:10BD70006AD0D36898426DD05369984272D0D36923
:10BD8000984277D0536A984200F07C80D36A9842F8
:10BD900000F08080536B984200F08480D36B98420F
:10BDA00000F0888015464FF0000CD2F800E055F8FE
:10BDB000084F002C144618BF6546BEF1000F08BF9F
:10BDC000154654F8103F002B134618BF6446002D4B
:10BDD00018BF2C4653F8185F002D154618BF634650
:10BDE000002C18BF234655F8204F002C144618BFCE
:10BDF0006546002B18BF1D4654F8283F002B1346FC
:10BE000018BF6446002D18BF2C4653F8305F002D34
:10BE100018BF6346002C18BF2346002B4CD152F8A4
:10BE2000383F002B134608BFC3E90010BDE8B040FF
:10BE3000704700BF4FF0500080F31188BFF36F8F41
:10BE4000BFF34F8FFEE700BF1346C3E90010BDE804
:10BE5000B040704702F10803C3E90010BDE8B040EC
:10BE6000704700BF02F11003C3E90010BDE8B04005
:10BE7000704700BF02F11803C3E90010BDE8B040ED
:10BE8000704700BF02F12003C3E90010BDE8B040D5
:10BE9000704700BF02F12803C3E90010BDE8B040BD
:10BEA000704700BF02F13003C3E90010BDE8B040A5
:10BEB000704700BF02F13803C3E90010BDE8B0408D
:10BEC000704700000000000070B515460E4604469D
:10BED000FFF776FE94F84400FF280DD094F8450053
:10BEE000FF2810D0FFF794FEA06BA0B12046BDE85C
:10BEF0007040FFF7DDBB00BF002084F8440094F8D9
:10BF00004500FF28EED1002084F84500FFF780FEB1
:10BF1000A06B0028EAD104F1240031462A4600F043
:10BF20002FF92046BDE87040FFF7C2BB00000000BB
:10BF3000F0B581B0002839D040F28C04C2F2000480
:10BF4000216949B14FF0500080F31188BFF36F8F22
:10BF5000BFF34F8FFEE700BF216940F60056013165
:10BF60002161C2F20006656907463168043108465E
:10BF7000FFF792FD3068ED19456009D3E06931683B
:10BF80000431FFF7CDFD01F02FF868B90EE000BFD6
:10BF9000A06931680431FFF7C3FDE06A854238BF0C
:10BFA000E56201F021F808B101B0F0BD4EF6045091
:10BFB0004FF08051CEF200000160BFF34F8FBFF30E
:10BFC0006F8F01B0F0BD0000F0B581B00446FFF7FF
:10BFD000F7FD40F60056002CC2F2000608BF346898
:10BFE000251D2846FFF758FDA06A18B104F1180076
:10BFF000FFF752FD40F28C07C2F2000738680130AB
:10C0000038603068844209D0B8680138B860B869CF
:10C01000006888B1B869C06800680FE007F13800AF
:10C020002946FFF7B1FD786801307860FFF7F0FD31
:10C030003068844208D114E04FF0FF30F862FFF717
:10C04000E7FD306884420CD094F85900022808D0EB
:10C05000012803D0C0B9206BFFF7F2FD2046FFF79F
:10C06000EFFDF86810B13068844201D001B0F0BD36
:10C07000386998B14FF0500080F31188BFF36F8F8B
:10C08000BFF34F8FFEE700BF4FF0500080F31188E1
:10C09000BFF36F8FBFF34F8FFEE700BF4EF6045024
:10C0A0004FF08051CEF200000160BFF34F8FBFF31D
:10C0B0006F8F01B0F0BD000040F28C01C2F20001B0
:10C0C0004A6B02604969416070470000000000004F
:10C0D00040F28C000121C2F2000041627047000072
:10C0E000F0B581B000B340F600560C46C2F200062F
:10C0F00031681831FFF714FD40F28C05C2F20005DB
:10C100006F6930680430FFF7C7FC601C16D03068D8
:10C11000E419446026D3E8693168043101B0BDE810
:10C12000F040FFF7FDBC00BF4FF0500080F31188D6
:10C13000BFF36F8FBFF34F8FFEE700BF30683168EA
:10C1400032683368376855F8606F6C6884607D6169
:10C15000A068C860111D4160181DA060701C286097
:10C1600001B0F0BDA86931680431FFF7D9FCE86A75
:10C17000844238BFEC6201B0F0BD00000000000056
:10C180002DE9F041A0B340F600571546C2F2000772
:10C190008846416840F28C063A68C2F20006D161D6
:10C1A0008A683B681A623B68183353603A681832F1
:10C1B0008A60396888620168013101607469386891
:10C1C0000430FFF769FCEDB1386839683A683B68BC
:10C1D0003F6856F8605F746884607E61A068C860DC
:10C1E000111D4160181DA060681C3060BDE8F08121
:10C1F0004FF0500080F31188BFF36F8FBFF34F8F64
:10C20000FEE700BF386814EB0804446006D3F06909
:10C2100039680431BDE8F041FFF782BCB069396884
:10C220000431FFF77DFCF06A844228BFBDE8F0814D
:10C23000F462BDE8F081000070B588B0002005A967
:10C24000CDE9050006A804AAFFF73AFC059E002EDA
:10C2500048D0069C002C4FD0049D5C200790079886
:10C260005C2853D107985C212046F4F780F92663B7
:10C27000022084F8590007A800210023CDE900100E
:10C280004BF291102BA1C0F600002A460294FEF753
:10C29000C3FF2046FEF724FE40F28C040798C2F24A
:10C2A0000004A062B0B100F03FFF411C38D001286B
:10C2B00010D14FF0500080F31188BFF36F8FBFF3A0
:10C2C0004F8F4FF0FF30E0620120E060002060619E
:10C2D00000F05AF94DF2DC50C0F60000006808B0DA
:10C2E00070BD00BF4FF0500080F31188BFF36F8F17
:10C2F000BFF34F8FFEE700BF4FF0500080F311886F
:10C30000BFF36F8FBFF34F8FFEE700BF4FF05000BA
:10C3100080F31188BFF36F8FBFF34F8FFEE700BF2D
:10C320004FF0500080F31188BFF36F8FBFF34F8F32
:10C33000FEE700BF49444C4500000000000000003B
:10C34000F0B581B00446FFF73BFC40F60056002CE8
:10C35000C2F2000608BF3468251D2846FFF79CFB83
:10C36000A06A18B104F11800FFF796FB40F28C07A1
:10C370002946C2F2000707F16000FFF705FC94F8B8
:10C380005800012802D1002084F85800FFF740FC33
:10C39000F86870B1FFF714FCB869006820B1B8699B
:10C3A000C068006802E000BF4FF0FF30F862FFF79E
:10C3B0002FFC3068844201D001B0F0BDF86858B15C
:10C3C000386988B14FF0500080F31188BFF36F8F48
:10C3D000BFF34F8FFEE700BF386EB968884211D1B6
:10C3E0000020306001B0F0BD4EF604504FF0805197
:10C3F000CEF200000160BFF34F8FBFF36F8F01B02B
:10C40000F0BD00BF386918B10120786201B0F0BDFD
:10C4100000207862386A40F60451C2F2000100EB55
:10C42000800251F8223001EB82026BB1516802F1B7
:10C43000080349685160994201D1D1685160C968C7
:10C440003160386201B0F0BD283AC8B100EB80031A
:10C45000556901EB8303EDB9012811D01568EDB9D9
:10C4600002280DD052F8145CE5B9032808D052F820
:10C47000283C0438002BA2F15002E6D02832D5E740
:10C480004FF0500080F31188BFF36F8FBFF34F8FD1
:10C49000FEE700BFA3F114020138C7E7A3F12802A9
:10C4A0000238C3E7A3F13C020338BFE700000000F5
:10C4B00040F28C00C2F20000016901310161704755
:10C4C00080B540F28C0EC2F2000EDEF8101019B1E9
:10C4D0000121CEF8241080BD0021CEF82410DEF812
:10C4E000201040F6045CC2F2000C01EB81025CF803
:10C4F0002230002B0CEB820312D05868426803F103
:10C50000080082425A6001D1DA685A6040F6005051
:10C51000D268C2F200000260CEF8201080BD00BFD9
:10C52000283BC9B101EB810258690CEB8202E8B9E2
:10C53000012911D01868E8B902290DD053F8140C5C
:10C54000E0B9032908D053F8280C04390028A3F1D6
:10C550005003E6D02833D0E74FF0500080F3118825
:10C56000BFF36F8FBFF34F8FFEE700BFA2F114033D
:10C570000139C2E7A2F128030239BEE7A2F13C0368
:10C580000339BAE700000000B0B584B04EF20040B5
:10C590004CF27021CEF20000C4F20F114B1CD0F807
:10C5A00000299A420AD14FF0500080F31188BFF35E
:10C5B0006F8FBFF34F8F00BFFEE700BFD0F8002999
:10C5C0008A4209D14FF0500080F31188BFF36F8F7A
:10C5D000BFF34F8FFEE700BF0021019101788DF876
:10C5E0000B10FF21017001788DF803109DF80310E6
:10C5F00011F0500240F28401C2F200010A700BD027
:10C600009DF8032002F05002502A0FD19DF903201B
:10C61000B2F1FF3F48DC1FE04FF0500080F311887B
:10C62000BFF36F8FBFF34F8FFEE700BF4FF0500097
:10C6300080F31188BFF36F8FBFF34F8FFEE700BF0A
:10C64000019A013201929DF8032052008DF80320D7
:10C650009DF90320002A27D5019A013201929DF805
:10C66000032052008DF803209DF90320B2F1FF3F13
:10C670001ADC019A013201929DF8032052008DF8D4
:10C6800003209DF90320B2F1FF3FDFBF019A013281
:10C6900001929DF80320DFBF52008DF803209DF921
:10C6A0000320B2F1FF3FCBDD019A0024082A4FF0AE
:10C6B000000206D0019A4FF4E063A3EB022202F4D9
:10C6C000E0624A609DF80B100170D0F8201941F427
:10C6D0007F01C0F82019D0F8201941F07F41C0F83F
:10C6E0002019FFF71DFB40F21005C2F200052C6077
:10C6F000FFF75AFA4EF63470CEF20000016841F0AE
:10C7000040410160FEF708FEFFF7DAFE0394286857
:10C710004FF0500181F31188BFF36F8FBFF34F8F3C
:10C72000013003D0FEE700BF039838B9039828B959
:10C730000398002804BF03980028F5D0002004B017
:10C74000B0BD00000000000080B54FF0500080F345
:10C750001188BFF36F8FBFF34F8F00F011FB30B123
:10C760004EF604504FF08051CEF2000001600020E0
:10C7700080F3118880BD000070B582B073B118B12C
:10C7800001B90AB9A1B19AB94FF0500080F31188EC
:10C79000BFF36F8FBFF34F8FFEE700BF4FF0500026
:10C7A00080F31188BFF36F8FBFF34F8FFEE700BF99
:10C7B00050250195019D502D18D1019DA0FB0145EB
:10C7C0004FF0010C002983F846C008BF1A461A60D2
:10C7D000C3E90F01A5B14FF0500080F31188BFF3FA
:10C7E0006F8FBFF34F8F00BFFEE700BF4FF05000C9
:10C7F00080F31188BFF36F8FBFF34F8FFEE700BF49
:10C80000069E1C46FFF7DCF9D4E90F0122680025DB
:10C8100001FB0023013800FB0120A5636260C4E92D
:10C820000230FF2084F8440084F8450004F1100031
:10C83000FFF766F904F12400FFF762F9FFF7E8F962
:10C8400084F84C60204602B070BD0000000000007B
:10C850002DE9F04F83B0029290B1044615460029AD
:10C8600048D00E4600F074FAA0B99DB14FF05000C8
:10C8700080F31188BFF36F8FBFF34F8FFEE700BFC8
:10C880004FF0500080F31188BFF36F8FBFF34F8FCD
:10C89000FEE700BFFFF794F9D4F838A0BAF1000F13
:10C8A00036D0226C52B1D4E902311144304699425B
:10C8B000E16001D32168E160F3F70CFEAAF1010009
:10C8C000A06354F8100F70B1204600F019FB50B16E
:10C8D0004EF604504FF08051CEF200000160BFF3DD
:10C8E0004F8FBFF36F8F0124FFF792F9204603B0FB
:10C8F000BDE8F08F206C0028B3D04FF0500080F3DB
:10C900001188BFF36F8FBFF34F8F00BFFEE700BFEB
:10C910000298002800F0B4806846FFF7CDFBFFF7CF
:10C9200077F9FFF7C5FDFFF74BF994F84400FF28AE
:10C9300002D1002084F8440094F8450004F1240852
:10C94000FF2802D1002084F84500FFF761F968460E
:10C9500002A900F09DF878B12046FEF7A9FE00F08C
:10C9600043FBFFF72DF9A56BFFF752F92DBB002410
:10C97000204603B0BDE8F08FFFF722F9A56BFFF763
:10C9800047F92DB12046FEF793FE00F02DFB14E091
:10C9900002994046FFF7A4FB2046FEF789FE00F00F
:10C9A00023FB50B94EF604504FF08051CEF20000F8
:10C9B0000160BFF34F8FBFF36F8FFFF701F9D4F81A
:10C9C00038A0BAF1000F7FF46CAF4FF00009EB46CE
:10C9D00002AF13E02046FEF76BFE00F005FBFFF709
:10C9E000EFF8A56BFFF714F9002DC0D0FFF7E8F8BA
:10C9F000D4F838A0BAF1000F7FF453AF02980028A2
:10CA00003ED0FFF705F9FFF753FDFFF7D9F894F88B
:10CA10004400FF2808BF84F8449094F84500FF289C
:10CA200008BF84F84590FFF7F3F85846394600F000
:10CA30002FF80028CED1FFF7C3F8A56BFFF7E8F871
:10CA400035B12046FEF734FE00F0CEFACEE700BF47
:10CA500002994046FFF744FB2046FEF729FE00F00E
:10CA6000C3FA0028C2D14EF604504FF08051CEF2E6
:10CA700000000160BFF34F8FBFF36F8FB6E700BFB9
:10CA80000024FFF7C5F8204603B0BDE8F08F000092
:10CA9000B0B548B30C4689B30546FFF791F840F2AC
:10CAA0008C0CC2F2000CDCF814302268501C37D019
:10CAB000AE46D5E90050DCF83410A94201D08342DB
:10CAC00026D2181A824223D9101A2060DCF83400CA
:10CAD000CEF80000DCF81400CEF804000024FFF7C4
:10CAE00097F82046B0BD00BF4FF0500080F311888A
:10CAF000BFF36F8FBFF34F8FFEE700BF4FF05000C3
:10CB000080F31188BFF36F8FBFF34F8FFEE700BF35
:10CB1000002020600124FFF77BF82046B0BD00BF55
:10CB20000024FFF775F82046B0BD000000000000AB
:10CB30002DE9F04F83B00746900098461546894688
:10CB4000FEF7F6FDF8B104465C20FEF7F1FDB8B142
:10CB50005C210646DDE90CBAF3F709FD3846494683
:10CB60002A4643463463CDE900BA0296FEF754FBE9
:10CB70003046FEF7B5F9012003B0BDE8F08F00BFE5
:10CB80002046FFF75DF84FF0FF3003B0BDE8F08FAF
:10CB90002DE9F04786B00F9F47B3109C84B35C2605
:10CBA0000496049E5C2E35D1049E88465C21064680
:10CBB0002046DDF838A099461546F3F7D8FC2763E0
:10CBC000022084F8590005A8CDE901043046414609
:10CBD0002A464B46CDF800A0FEF71EFB2046FEF786
:10CBE0007FF9059806B0BDE8F08700BF4FF0500010
:10CBF00080F31188BFF36F8FBFF34F8FFEE700BF45
:10CC00004FF0500080F31188BFF36F8FBFF34F8F49
:10CC1000FEE700BF4FF0500080F31188BFF36F8F25
:10CC2000BFF34F8FFEE7000050B14FF0500080F38C
:10CC30001188BFF36F8FBFF34F8F00BFFEE700BFB8
:10CC40002DE9F04381B01D4614460F46FEF7B8FFAC
:10CC500040F60056C2F20006306890F858000228EC
:10CC600055D03068DDF82080B8F1000F416D21EA21
:10CC70000701416530684FF0010180F8581046D037
:10CC800040F28C07C2F20007D7F8149030680430E5
:10CC9000FEF702FF18F101000CD0306818EB09080C
:10CCA000C0F804801ED3F86931680431FEF738FFFC
:10CCB00022E000BF306831683268D6F80080D6F8CC
:10CCC00000C057F860EF7B688360CCF814709868F8
:10CCD000C860111D416008F1040098600EF1010068
:10CCE000386009E0B86931680431FEF719FFF86A65
:10CCF000804538BFC7F82C804EF604504FF0805165
:10CD0000CEF200000160BFF34F8FBFF36F8FFEF7CD
:10CD10007FFFFEF755FF15B13068406D2860306821
:10CD2000002590F8580002284FF0000004D1316827
:10CD300001254A6DA2434A65316881F85800FEF723
:10CD400067FF284601B0BDE8F08300000000000046
:10CD500040F28C00C2F20000C16829B10069B0FA4B
:10CD600080F040094000704701207047000000003B
:10CD700040F28C00C2F200004069704700000000E1
:10CD80002DE9F04740F28C0AC2F2000ADAF81000EE
:10CD900040B1DAF830000130CAF830000020BDE8B8
:10CDA000F08700BFDAF8140010F10109CAF81490F6
:10CDB00028D3DAF81800006850B14FF0500080F323
:10CDC0001188BFF36F8FBFF34F8F00BFFEE700BF27
:10CDD000DAF81800DAF81C30CAF81830CAF81C0063
:10CDE000DAF834000130CAF83400DAF818000068C4
:10CDF00020B1DAF81800C068006801E04FF0FF3099
:10CE0000CAF82C00DAF82C0040F6005C40F6045812
:10CE10008145C2F2000CC2F2000801D200205BE0A2
:10CE2000DAF818004FF0000E006800284CD00020FF
:10CE300021E000BFE66ADAF820108E4206EB860198
:10CE400088BFCAF8206008EB810262615368A36062
:10CE50009F68E7609D607D6058F82120013248F8A6
:10CE60002120DCF80010C96ADAF818208E4288BF49
:10CE70000120116861B3DAF81840E468E4682546D7
:10CE800055F8046FB14525D36669D4E90237726855
:10CE90009F60AA427B6008BF77603268013A3260C7
:10CEA000A66A002EC6D0D4E9072704F118037168DA
:10CEB000976099427A6008BF7760C4F828E03168CB
:10CEC00001393160B6E700BF4FF0FF36002001E0C6
:10CED0004FF0FF36CAF82C60DCF80010C96A01EB8D
:10CEE000810158F82110012988BF0120DAF82410A7
:10CEF000002918BF0120BDE8F087000000000000F5
:10CF0000C068C06850B370B5816A00F1180ED0E9EE
:10CF10000723D1F804C09360F4455A604FF0000233
:10CF200008BF4B60826240F28C0C0A68C2F2000CAF
:10CF3000013A0A60DCF81010D1B1614651F84C2F6B
:10CF400081624B68C36101329C680462C3F808E0E7
:10CF5000C4F804E00A60C36A35E000BF4FF0500037
:10CF600080F31188BFF36F8FBFF34F8FFEE700BFD1
:10CF7000436900F1040ED0E902215C6891607445B8
:10CF80004A6040F6045208BF59601968C2F20002B4
:10CF900001391960C36ADCF820108B4203EB83016E
:10CFA00088BFCCF8203002EB81044461656885605D
:10CFB000AE68C660C5F808E0C6F804E052F8210083
:10CFC000013042F8210040F60050C2F20000006833
:10CFD000C06A8342BDE8704004D90120CCF8240027
:10CFE000704700BF002070472DE9F04381B040F248
:10CFF0008C04C2F20004206970B1FEF7E1FD2069E3
:10D0000001382061206988B10024FEF701FE204626
:10D0100001B0BDE8F08300BF4FF0500080F31188ED
:10D02000BFF36F8FBFF34F8FFEE700BFA0680028EC
:10D03000EAD0E06C002854D040F6045940F600587D
:10D040004FF0000EC2F20009C2F200084FF0010CCE
:10D05000A06DC36803F11807986AD3E907654268B1
:10D06000BA42B5606E6008BF4560C3F828E0026848
:10D07000013A0260181D5D69D3E902266F68874294
:10D080009660726008BF6E602A68013A2A60DD6AA5
:10D09000226A954205EB850288BF256209EB82066C
:10D0A0005E6177689F60B968D960B860486059F878
:10D0B0002200013049F82200D8F80000C06A8542F9
:10D0C00088BFC4F824C0E06C0028C1D1A069006802
:10D0D00020B1A069C068006802E000BF4FF0FF30D7
:10D0E000E062256B4DB10126FFF74AFE002818BF0C
:10D0F0006662013DF8D100202063606A00283FF499
:10D1000083AF4EF604504FF08051CEF20000012460
:10D110000160BFF34F8FBFF36F8FFEF779FD20469D
:10D1200001B0BDE8F083000070B586B0FEF748FDA1
:10D1300040F20016C2F20006306808BB06F1140483
:10D140002046FEF7DDFC06F128052846FEF7D8FC50
:10D1500040F6104240F6B043C2F20002C2F20003B1
:10D160000A201021C6E9024500250095FFF704FBBF
:10D17000306028B14DF2D651C0F60001FEF7ECFD4B
:10D18000FEF746FD3068D8B1002004A9CDE90400BF
:10D1900005A803AAFEF7A4FCDDE903200221002371
:10D1A000CDE900104BF281300AA1C0F60000059DC8
:10D1B0000295FFF7EDFC706010B1012006B070BD64
:10D1C0004FF0500080F31188BFF36F8FBFF34F8F84
:10D1D000FEE700BF546D72205376630010B52DED4D
:10D1E000028BF0EE408A18EE900AB0EE608A20F0D2
:10D1F0000040C0F1FF40C00F07D118EE100A20F028
:10D200000040C0F1FF40C00F2BD018EE101A18EEEE
:10D21000900A00F097F800EE100A10EE100A6FEA7C
:10D22000D05010F0FF0F04BFBDEC028B10BD18EE04
:10D23000900A00F0004110EE100A00F00040814218
:10D2400004BFBDEC028B10BD18EE101A10EE100AD0
:10D25000BDEC028B61F31E0000EE900A30EE600A16
:10D2600010BD18EE900A4FF07F41B1EB400F1CBF8C
:10D2700018EE100A5FEA4000C7D10120F3F7DFF98A
:10D28000BDEC028BBDE81040AFF30080DFED020A79
:10D2900080EEA00A70470000000000000EF1020EB0
:10D2A0002EF0030E5EF8044B244204D44FEA4102F0
:10D2B000B2F17F4F11D84FEA4003B3F17F4F0CD842
:10D2C0000ED14FEAD07C0CEB4C0C0CF1020CB2F1FD
:10D2D0007F4F08BF4CEBD17C04E04FF0080C01E01D
:10D2E0004FEAD17C0CEB4C0324FA03F404F007045E
:10D2F000B4F1040C06D20EEB840CBDE810404CF0E7
:10D30000010C6047DFE80CF0070802024FF0004014
:10D31000A0F5800010BD0846420018BFD2F180720F
:10D3200088BF00F0004010BDF1EE100A4FF6FF710B
:10D33000C0F2C03120EA010040F04070E1EE100A76
:10D34000704700004FF07F4C3CEA410318BF3CEAB5
:10D35000400200F062804FF47F0C0CEAD11310F011
:10D36000004F18BF43F005031CEAD01218BF13EAA0
:10D370000C0F00F057804FF0004C4CEA00204CEAB4
:10D380000121A3F580339A4210DD23F00203B0F1AE
:10D39000004F06D343F00203401ABCBF404283F063
:10D3A00001034FEA4000A2F58032ECE74FEA224C3D
:10D3B000BCEB234F08DB884206D31CD0A0EB410016
:10D3C000C0F1000083F0010340001DD217D40DD03E
:10D3D000B0FA80FC0CF1010C00FA0CF0A2EB0C424C
:10D3E000D2F1000C12DB4FEAC37070474FEA437072
:10D3F00000F00040704713F0020FE5D0DEE74FEA7F
:10D400004000B2F58032EBDD002AE9DD4FEAC212BE
:10D4100042EA502040EAC370704710B5FFF73EFF64
:10D42000EDFFFF3E1CEAD11F02D000F00040704724
:10D43000004870470000C07F0000000000000000AE
:10D4400000000000000000000000000001000000DB
:10D4500002000000030000000400000000000000C3
:10D4600005000000000000000000000000000000B7
:10D4700006000000000000000000000000000000A6
:10D48000070000000004081020400104081020409C
:10D49000000000000102030401020304060708095A
:10D4A000D0D50008000000000000000000000000CF
:10D4B0000000000000020000080000000000000062
:10D4C00000000000010002000400060008000A003D
:10D4D0000C00100020004000800000019910C938A5
:10D4E000810CC83C010A203BE9F82246CDCC2342FE
:10D4F00000C0CC439910C938010F703C010AA03B11
:10D50000E9F822460080884200C04C439910C9388F
:10D51000010F703C010AA03BE9F8224600808842D6
:10D5200000C04C439910C938010AA03B010E603C71
:10D53000E9F8224600C04C43004092429910C93895
:10D54000410BB43C810DD83CE9F82246000036423C
:10D55000ABAA17420001020304050607080C1014C9
:10D5600018203040010101030701000008040204F3
:10D5700008010101C4D500080000000000000000FF
:10D580000000000000000000000200001800000081
:10D590000000000000000000BCD5000800000000F2
:10D5A0000000000000000000000000000008000073
:10D5B000080000000000000000000000726F626FB1
:10D5C00041524D0064656661756C745461736B0003
:10D5D0004572726F7200546D725100003700000086
:10D5E00020D60008000000242400000030030008BA
:10D5F00048D6000800000020180000003003000892
:10D6000060D6000818000020485A000050030008A7
:10D6100049CBFFFF000000000000000000000000F8
:10D6200000000000000000000000000000000000FA
:10D6300000000000000000000000000000000000EA
:10D6400000000000000000000100000010000000C9
:10D650000090D0030090D003AAAAAAAA000000005C
:04000005080002CD20
:00000001FF
